draw_date,draw_no,n1,n2,n3,n4,n5,n6,sp,source
2008-01-24,97000001,3,4,16,18,36,37,2,power_raw
2008-01-28,97000002,2,14,15,16,28,29,8,power_raw
2008-01-31,97000003,6,9,11,13,19,23,2,power_raw
2008-02-04,97000004,2,6,10,18,23,26,5,power_raw
2008-02-07,97000005,6,20,26,33,34,35,5,power_raw
2008-02-11,97000006,2,4,11,22,23,25,8,power_raw
2008-02-14,97000007,7,13,28,33,35,38,6,power_raw
2008-02-18,97000008,5,7,15,28,35,37,6,power_raw
2008-02-21,97000009,1,20,22,23,29,38,3,power_raw
2008-02-25,97000010,9,15,16,34,36,37,5,power_raw
2008-02-28,97000011,6,13,16,29,33,36,4,power_raw
2008-03-03,97000012,13,14,24,25,26,35,3,power_raw
2008-03-06,97000013,8,11,22,26,34,36,8,power_raw
2008-03-10,97000014,6,1,11,19,22,25,6,power_raw
2008-03-13,97000015,2,1,11,15,23,24,5,power_raw
2008-03-17,97000016,6,,18,19,22,24,8,power_raw
2008-03-20,97000017,3,14,21,25,32,36,6,power_raw
2008-03-24,97000018,1,2,7,11,26,36,5,power_raw
2008-03-27,97000019,1,5,16,22,31,36,5,power_raw
2008-03-31,97000020,9,18,19,25,27,32,6,power_raw
2008-04-03,97000021,3,8,9,10,17,28,5,power_raw
2008-04-07,97000022,16,19,20,24,32,37,4,power_raw
2008-04-10,97000023,24,25,26,33,36,37,2,power_raw
2008-04-14,97000024,5,17,18,28,32,37,3,power_raw
2008-04-17,97000025,1,4,6,14,20,35,7,power_raw
2008-04-21,97000026,16,22,26,27,36,37,2,power_raw
2008-04-24,97000027,1,3,10,20,30,31,5,power_raw
2008-04-28,97000028,15,17,19,23,24,29,7,power_raw
2008-05-01,97000029,2,6,13,14,23,38,2,power_raw
2008-05-05,97000030,2,4,18,29,33,34,3,power_raw
2008-05-08,97000031,3,5,7,16,21,22,8,power_raw
2008-05-12,97000032,7,11,13,14,23,24,7,power_raw
2008-05-15,97000033,10,12,18,21,24,35,2,power_raw
2008-05-19,97000034,12,17,20,22,30,33,4,power_raw
2008-05-22,97000035,3,13,22,26,33,38,3,power_raw
2008-05-26,97000036,3,26,32,34,37,38,3,power_raw
2008-05-29,97000037,4,7,10,11,18,28,4,power_raw
2008-06-02,97000038,3,4,7,11,25,28,1,power_raw
2008-06-05,97000039,3,8,19,21,22,30,2,power_raw
2008-06-09,97000040,2,5,24,28,30,31,8,power_raw
2008-06-12,97000041,3,7,18,27,34,38,7,power_raw
2008-06-16,97000042,1,11,21,24,27,29,7,power_raw
2008-06-19,97000043,4,9,10,24,34,36,6,power_raw
2008-06-23,97000044,12,20,23,26,28,37,7,power_raw
2008-06-26,97000045,5,13,19,23,24,31,7,power_raw
2008-06-30,97000046,3,8,14,30,33,37,3,power_raw
2008-07-03,97000047,3,4,15,16,18,25,8,power_raw
2008-07-07,97000048,5,6,7,11,23,25,6,power_raw
2008-07-10,97000049,7,14,19,21,22,35,7,power_raw
2008-07-14,97000050,1,14,16,17,34,35,6,power_raw
2008-07-17,97000051,11,22,27,28,36,37,2,power_raw
2008-07-21,97000052,8,9,26,28,31,36,7,power_raw
2008-07-24,97000053,7,13,24,25,36,38,1,power_raw
2008-07-28,97000054,9,10,21,26,30,33,6,power_raw
2008-07-31,97000055,1,6,8,10,36,38,7,power_raw
2008-08-04,97000056,10,24,26,33,34,38,4,power_raw
2008-08-07,97000057,7,10,11,20,29,30,4,power_raw
2008-08-11,97000058,5,7,8,10,11,17,2,power_raw
2008-08-14,97000059,2,5,8,18,28,32,5,power_raw
2008-08-18,97000060,7,17,20,23,28,30,5,power_raw
2008-08-21,97000061,5,12,15,19,20,38,4,power_raw
2008-08-25,97000062,5,8,15,24,31,38,3,power_raw
2008-08-28,97000063,7,26,27,29,32,34,5,power_raw
2008-09-01,97000064,5,6,8,10,21,24,6,power_raw
2008-09-04,97000065,3,5,11,20,22,34,5,power_raw
2008-09-08,97000066,8,18,20,21,23,24,1,power_raw
2008-09-11,97000067,12,20,27,28,29,36,7,power_raw
2008-09-15,97000068,14,16,19,21,22,26,3,power_raw
2008-09-18,97000069,2,10,26,31,33,37,3,power_raw
2008-09-22,97000070,10,15,30,32,33,38,7,power_raw
2008-09-25,97000071,6,10,11,13,34,35,7,power_raw
2008-09-29,97000072,1,16,22,24,30,35,2,power_raw
2008-10-02,97000073,6,10,13,15,19,30,6,power_raw
2008-10-06,97000074,9,11,19,22,26,37,3,power_raw
2008-10-09,97000075,20,25,26,32,36,37,7,power_raw
2008-10-13,97000076,2,9,10,14,15,26,4,power_raw
2008-10-16,97000077,2,3,18,33,36,37,5,power_raw
2008-10-20,97000078,7,10,17,28,32,36,3,power_raw
2008-10-23,97000079,1,6,14,17,26,38,3,power_raw
2008-10-27,97000080,4,5,9,22,28,30,4,power_raw
2008-10-30,97000081,8,11,16,22,28,35,6,power_raw
2008-11-03,97000082,4,8,9,18,23,36,4,power_raw
2008-11-06,97000083,1,5,12,27,34,38,3,power_raw
2008-11-10,97000084,18,22,25,29,32,38,6,power_raw
2008-11-13,97000085,5,10,24,28,33,38,6,power_raw
2008-11-17,97000086,1,9,14,24,30,37,4,power_raw
2008-11-20,97000087,5,14,17,19,35,36,1,power_raw
2008-11-24,97000088,10,15,20,22,24,25,2,power_raw
2008-11-27,97000089,3,14,26,30,35,37,7,power_raw
2008-12-01,97000090,7,10,23,26,28,34,4,power_raw
2008-12-04,97000091,5,11,14,16,18,30,3,power_raw
2008-12-08,97000092,8,12,13,16,20,32,6,power_raw
2008-12-11,97000093,17,18,24,26,30,31,2,power_raw
2008-12-15,97000094,6,8,10,13,18,36,6,power_raw
2008-12-18,97000095,3,8,11,26,34,38,8,power_raw
2008-12-22,97000096,22,25,30,32,33,35,2,power_raw
2008-12-25,97000097,6,7,11,14,33,37,6,power_raw
2008-12-29,97000098,2,10,15,19,28,31,1,power_raw
2009-01-01,98000001,1,11,25,28,35,36,7,power_raw
2009-01-05,98000002,5,24,27,28,29,32,4,power_raw
2009-01-08,98000003,4,5,12,18,24,28,1,power_raw
2009-01-12,98000004,9,13,14,23,29,36,8,power_raw
2009-01-15,98000005,3,15,17,28,29,37,4,power_raw
2009-01-19,98000006,1,3,4,12,21,31,8,power_raw
2009-01-22,98000007,7,10,11,23,24,35,8,power_raw
2009-01-26,98000008,2,6,17,18,29,34,5,power_raw
2009-01-29,98000009,4,7,15,16,23,28,7,power_raw
2009-02-02,98000010,6,18,20,24,31,32,6,power_raw
2009-02-05,98000011,8,20,23,24,34,37,1,power_raw
2009-02-09,98000012,3,10,11,15,20,33,3,power_raw
2009-02-12,98000013,4,12,24,29,35,37,7,power_raw
2009-02-16,98000014,2,20,21,22,25,38,3,power_raw
2009-02-19,98000015,1,2,8,17,21,31,1,power_raw
2009-02-23,98000016,13,18,30,33,35,38,3,power_raw
2009-02-26,98000017,4,5,7,13,15,38,4,power_raw
2009-03-02,98000018,3,4,21,23,24,27,6,power_raw
2009-03-05,98000019,1,5,13,19,28,37,3,power_raw
2009-03-09,98000020,6,8,16,23,31,38,3,power_raw
2009-03-12,98000021,1,3,16,23,32,34,3,power_raw
2009-03-16,98000022,16,18,23,28,36,37,6,power_raw
2009-03-19,98000023,5,8,20,24,28,36,5,power_raw
2009-03-23,98000024,3,4,9,25,34,37,5,power_raw
2009-03-26,98000025,9,10,25,26,32,34,2,power_raw
2009-03-30,98000026,14,20,31,35,36,37,3,power_raw
2009-04-02,98000027,7,14,21,27,32,34,3,power_raw
2009-04-06,98000028,7,9,10,11,19,32,2,power_raw
2009-04-09,98000029,3,8,10,14,29,30,3,power_raw
2009-04-13,98000030,2,14,16,19,27,35,5,power_raw
2009-04-16,98000031,6,10,14,15,16,17,2,power_raw
2009-04-20,98000032,5,20,24,26,31,36,1,power_raw
2009-04-23,98000033,5,6,7,17,33,35,3,power_raw
2009-04-27,98000034,1,3,10,20,24,32,4,power_raw
2009-04-30,98000035,12,13,29,33,37,38,8,power_raw
2009-05-04,98000036,3,24,25,27,35,36,8,power_raw
2009-05-07,98000037,3,4,7,9,27,28,8,power_raw
2009-05-11,98000038,2,8,9,17,37,38,4,power_raw
2009-05-14,98000039,8,13,20,23,31,35,5,power_raw
2009-05-18,98000040,6,7,9,10,13,26,7,power_raw
2009-05-21,98000041,5,9,17,29,34,35,7,power_raw
2009-05-25,98000042,4,16,17,22,29,38,3,power_raw
2009-05-28,98000043,1,7,15,16,25,31,4,power_raw
2009-06-01,98000044,6,14,16,17,26,35,7,power_raw
2009-06-04,98000045,12,18,19,20,24,34,7,power_raw
2009-06-08,98000046,6,7,18,26,27,31,2,power_raw
2009-06-11,98000047,1,4,16,18,20,32,7,power_raw
2009-06-15,98000048,3,10,17,19,23,25,4,power_raw
2009-06-18,98000049,5,16,17,24,34,38,8,power_raw
2009-06-22,98000050,4,13,14,16,21,29,7,power_raw
2009-06-25,98000051,6,10,25,31,35,38,7,power_raw
2009-06-29,98000052,1,14,20,21,25,26,5,power_raw
2009-07-02,98000053,6,15,16,27,34,37,6,power_raw
2009-07-06,98000054,3,4,5,9,24,33,5,power_raw
2009-07-09,98000055,4,8,12,23,25,33,2,power_raw
2009-07-13,98000056,6,23,26,34,36,38,4,power_raw
2009-07-16,98000057,9,10,23,26,31,34,1,power_raw
2009-07-20,98000058,2,15,19,22,29,33,4,power_raw
2009-07-23,98000059,13,26,32,33,36,37,7,power_raw
2009-07-27,98000060,12,13,16,25,31,36,4,power_raw
2009-07-30,98000061,11,13,15,18,24,25,4,power_raw
2009-08-03,98000062,4,15,17,24,26,38,8,power_raw
2009-08-06,98000063,3,4,5,13,32,35,8,power_raw
2009-08-10,98000064,6,11,15,18,23,30,3,power_raw
2009-08-13,98000065,3,5,8,23,24,31,8,power_raw
2009-08-17,98000066,9,21,25,27,29,36,8,power_raw
2009-08-20,98000067,8,22,25,26,33,38,4,power_raw
2009-08-24,98000068,13,15,24,26,28,36,5,power_raw
2009-08-27,98000069,1,4,7,16,18,30,2,power_raw
2009-08-31,98000070,4,8,18,25,30,33,8,power_raw
2009-09-03,98000071,1,7,10,11,16,28,3,power_raw
2009-09-07,98000072,1,10,13,18,19,24,3,power_raw
2009-09-10,98000073,1,11,13,18,23,24,3,power_raw
2009-09-14,98000074,3,6,8,15,24,31,8,power_raw
2009-09-17,98000075,3,6,22,24,31,32,6,power_raw
2009-09-21,98000076,4,7,9,10,16,33,7,power_raw
2009-09-24,98000077,2,6,14,30,33,34,2,power_raw
2009-09-28,98000078,7,8,12,13,16,22,7,power_raw
2009-10-01,98000079,6,18,19,21,27,38,4,power_raw
2009-10-05,98000080,4,8,16,19,22,33,1,power_raw
2009-10-08,98000081,1,13,20,21,26,32,7,power_raw
2009-10-12,98000082,4,10,16,22,34,38,2,power_raw
2009-10-15,98000083,7,10,14,25,28,31,1,power_raw
2009-10-19,98000084,2,4,12,21,25,30,7,power_raw
2009-10-22,98000085,5,7,18,19,30,35,8,power_raw
2009-10-26,98000086,3,4,9,12,24,32,5,power_raw
2009-10-29,98000087,11,12,16,19,20,27,4,power_raw
2009-11-02,98000088,8,10,11,14,20,23,6,power_raw
2009-11-05,98000089,3,5,21,23,31,36,6,power_raw
2009-11-09,98000090,1,18,24,29,32,38,5,power_raw
2009-11-12,98000091,3,6,19,22,28,35,3,power_raw
2009-11-16,98000092,10,15,18,23,30,34,7,power_raw
2009-11-19,98000093,5,10,21,22,26,35,6,power_raw
2009-11-23,98000094,1,2,15,16,26,29,4,power_raw
2009-11-26,98000095,13,20,21,24,30,36,3,power_raw
2009-11-30,98000096,1,6,10,17,19,28,1,power_raw
2009-12-03,98000097,17,18,22,24,25,30,5,power_raw
2009-12-07,98000098,4,5,12,25,34,38,1,power_raw
2009-12-10,98000099,11,12,19,22,23,28,4,power_raw
2009-12-14,98000100,4,5,10,16,17,20,6,power_raw
2009-12-17,98000101,16,19,20,23,26,28,1,power_raw
2009-12-21,98000102,3,15,17,20,23,29,8,power_raw
2009-12-24,98000103,14,18,20,32,35,37,7,power_raw
2009-12-28,98000104,10,12,15,17,25,34,5,power_raw
2009-12-31,98000105,14,22,25,27,29,32,1,power_raw
2010-01-04,99000001,13,20,25,27,30,32,7,power_raw
2010-01-07,99000002,1,20,26,33,36,37,5,power_raw
2010-01-11,99000003,15,21,23,25,26,34,3,power_raw
2010-01-14,99000004,1,2,7,22,27,32,4,power_raw
2010-01-18,99000005,9,11,24,25,26,38,4,power_raw
2010-01-21,99000006,4,10,16,17,29,36,8,power_raw
2010-01-25,99000007,7,10,14,24,27,34,2,power_raw
2010-01-28,99000008,3,6,16,17,27,35,2,power_raw
2010-02-01,99000009,3,5,19,29,31,38,7,power_raw
2010-02-04,99000010,10,16,17,20,25,38,4,power_raw
2010-02-08,99000011,7,12,16,17,19,21,6,power_raw
2010-02-11,99000012,6,13,16,18,19,34,1,power_raw
2010-02-15,99000013,2,12,23,26,28,29,5,power_raw
2010-02-18,99000014,2,4,11,14,24,36,6,power_raw
2010-02-22,99000015,3,11,17,23,24,34,5,power_raw
2010-02-25,99000016,9,26,32,33,37,38,1,power_raw
2010-03-01,99000017,3,10,12,14,19,37,4,power_raw
2010-03-04,99000018,10,16,18,24,34,38,5,power_raw
2010-03-08,99000019,3,5,9,27,30,33,6,power_raw
2010-03-11,99000020,14,16,17,19,35,37,8,power_raw
2010-03-15,99000021,12,13,18,30,32,36,5,power_raw
2010-03-18,99000022,7,11,18,20,26,32,5,power_raw
2010-03-22,99000023,2,4,11,14,35,36,1,power_raw
2010-03-25,99000024,19,23,26,27,33,37,3,power_raw
2010-03-29,99000025,11,23,28,31,36,37,3,power_raw
2010-04-01,99000026,14,16,23,24,27,31,7,power_raw
2010-04-05,99000027,2,18,19,20,26,37,8,power_raw
2010-04-08,99000028,2,7,20,23,25,36,3,power_raw
2010-04-12,99000029,8,11,12,30,33,34,2,power_raw
2010-04-15,99000030,1,6,19,24,30,37,1,power_raw
2010-04-19,99000031,1,3,6,13,29,38,3,power_raw
2010-04-22,99000032,8,16,21,29,30,37,2,power_raw
2010-04-26,99000033,3,8,21,33,35,38,1,power_raw
2010-04-29,99000034,10,12,16,21,28,29,3,power_raw
2010-05-03,99000035,1,4,9,16,27,33,5,power_raw
2010-05-06,99000036,3,11,13,23,30,32,6,power_raw
2010-05-10,99000037,17,18,23,26,28,29,1,power_raw
2010-05-13,99000038,7,11,14,23,31,34,4,power_raw
2010-05-17,99000039,1,2,3,29,33,35,5,power_raw
2010-05-20,99000040,12,13,14,19,35,38,2,power_raw
2010-05-24,99000041,1,3,12,16,24,29,7,power_raw
2010-05-27,99000042,6,7,8,16,20,36,1,power_raw
2010-05-31,99000043,1,4,8,17,30,34,4,power_raw
2010-06-03,99000044,4,9,21,30,33,34,2,power_raw
2010-06-07,99000045,3,14,21,22,24,28,5,power_raw
2010-06-10,99000046,9,17,20,27,28,38,6,power_raw
2010-06-14,99000047,3,7,15,16,24,33,3,power_raw
2010-06-17,99000048,1,5,6,13,22,27,8,power_raw
2010-06-21,99000049,1,9,22,27,30,38,1,power_raw
2010-06-24,99000050,12,14,19,32,34,36,3,power_raw
2010-06-28,99000051,3,7,10,22,27,34,1,power_raw
2010-07-01,99000052,3,4,6,11,14,19,6,power_raw
2010-07-05,99000053,1,3,18,25,35,37,5,power_raw
2010-07-08,99000054,6,22,23,24,25,29,3,power_raw
2010-07-12,99000055,1,3,17,20,25,27,1,power_raw
2010-07-15,99000056,2,11,14,22,23,29,7,power_raw
2010-07-19,99000057,12,15,16,19,26,38,6,power_raw
2010-07-22,99000058,5,8,14,16,35,37,3,power_raw
2010-07-26,99000059,5,14,27,31,34,36,4,power_raw
2010-07-29,99000060,8,14,18,21,36,38,8,power_raw
2010-08-02,99000061,3,5,17,21,22,24,7,power_raw
2010-08-05,99000062,14,22,24,27,29,37,6,power_raw
2010-08-09,99000063,4,7,14,18,31,35,7,power_raw
2010-08-12,99000064,3,4,8,15,35,38,3,power_raw
2010-08-16,99000065,3,14,20,22,31,36,8,power_raw
2010-08-19,99000066,2,4,20,22,25,34,1,power_raw
2010-08-23,99000067,9,13,15,18,22,27,2,power_raw
2010-08-26,99000068,1,8,13,15,22,38,8,power_raw
2010-08-30,99000069,1,13,21,22,23,29,1,power_raw
2010-09-02,99000070,9,14,15,17,28,33,4,power_raw
2010-09-06,99000071,5,7,30,32,34,36,6,power_raw
2010-09-09,99000072,4,16,17,22,24,34,2,power_raw
2010-09-13,99000073,7,8,12,18,24,33,7,power_raw
2010-09-16,99000074,4,10,13,20,26,35,2,power_raw
2010-09-20,99000075,6,9,13,19,28,36,6,power_raw
2010-09-23,99000076,3,7,12,15,32,34,7,power_raw
2010-09-27,99000077,8,20,22,24,33,36,2,power_raw
2010-09-30,99000078,9,11,14,31,32,35,7,power_raw
2010-10-04,99000079,4,10,18,20,32,35,1,power_raw
2010-10-07,99000080,1,5,6,17,28,32,2,power_raw
2010-10-11,99000081,8,10,11,21,22,34,6,power_raw
2010-10-14,99000082,5,20,25,29,35,37,2,power_raw
2010-10-18,99000083,4,11,21,23,28,38,5,power_raw
2010-10-21,99000084,11,14,18,19,29,38,5,power_raw
2010-10-25,99000085,10,11,16,23,33,37,3,power_raw
2010-10-28,99000086,15,20,23,25,26,32,7,power_raw
2010-11-01,99000087,2,10,12,13,18,29,4,power_raw
2010-11-04,99000088,1,3,20,28,33,36,5,power_raw
2010-11-08,99000089,5,10,28,33,36,38,6,power_raw
2010-11-11,99000090,4,17,22,24,28,36,6,power_raw
2010-11-15,99000091,7,8,11,22,25,37,7,power_raw
2010-11-18,99000092,5,14,17,23,28,38,2,power_raw
2010-11-22,99000093,8,21,23,24,27,28,2,power_raw
2010-11-25,99000094,5,7,18,25,36,38,7,power_raw
2010-11-29,99000095,20,25,27,29,30,33,2,power_raw
2010-12-02,99000096,3,15,19,22,28,32,6,power_raw
2010-12-06,99000097,1,7,18,19,20,28,8,power_raw
2010-12-09,99000098,1,3,4,11,12,19,8,power_raw
2010-12-13,99000099,7,9,10,12,27,36,4,power_raw
2010-12-16,99000100,4,7,18,25,28,32,5,power_raw
2010-12-20,99000101,1,2,7,20,29,38,7,power_raw
2010-12-23,99000102,1,4,7,10,19,31,5,power_raw
2010-12-27,99000103,3,16,23,28,31,32,8,power_raw
2010-12-30,99000104,1,24,29,31,33,38,3,power_raw
2011-01-03,100000001,2,6,12,20,36,38,6,power_raw
2011-01-06,100000002,3,11,20,22,26,27,3,power_raw
2011-01-10,100000003,17,28,29,33,35,36,8,power_raw
2011-01-13,100000004,1,6,7,18,28,34,6,power_raw
2011-01-17,100000005,1,2,19,25,30,31,4,power_raw
2011-01-20,100000006,1,4,10,22,25,31,8,power_raw
2011-01-24,100000007,10,14,18,21,32,33,7,power_raw
2011-01-27,100000008,2,3,11,19,24,35,2,power_raw
2011-01-31,100000009,4,10,21,28,31,32,7,power_raw
2011-02-03,100000010,8,10,16,23,29,37,2,power_raw
2011-02-07,100000011,4,6,15,20,32,38,3,power_raw
2011-02-10,100000012,10,13,30,32,36,37,2,power_raw
2011-02-14,100000013,8,11,19,23,25,38,5,power_raw
2011-02-17,100000014,4,11,12,20,26,38,7,power_raw
2011-02-21,100000015,9,19,23,28,35,38,1,power_raw
2011-02-24,100000016,3,8,13,14,16,26,5,power_raw
2011-02-28,100000017,5,13,14,18,26,29,7,power_raw
2011-03-03,100000018,1,15,17,23,27,35,7,power_raw
2011-03-07,100000019,2,10,16,30,33,37,4,power_raw
2011-03-10,100000020,4,5,19,24,31,37,8,power_raw
2011-03-14,100000021,4,5,6,11,18,26,4,power_raw
2011-03-17,100000022,1,3,11,14,32,36,2,power_raw
2011-03-21,100000023,8,17,18,20,33,37,2,power_raw
2011-03-24,100000024,4,19,27,29,35,37,4,power_raw
2011-03-28,100000025,3,7,16,24,27,34,8,power_raw
2011-03-31,100000026,17,19,31,32,36,38,4,power_raw
2011-04-04,100000027,2,25,28,32,33,37,8,power_raw
2011-04-07,100000028,6,12,14,20,30,31,1,power_raw
2011-04-11,100000029,15,16,21,29,31,33,4,power_raw
2011-04-14,100000030,15,17,18,24,25,27,6,power_raw
2011-04-18,100000031,5,6,7,17,23,26,7,power_raw
2011-04-21,100000032,1,10,26,32,34,36,8,power_raw
2011-04-25,100000033,2,3,12,17,22,26,1,power_raw
2011-04-28,100000034,3,9,29,31,32,34,5,power_raw
2011-05-02,100000035,7,17,19,21,22,36,3,power_raw
2011-05-05,100000036,5,6,13,14,26,38,5,power_raw
2011-05-09,100000037,3,15,25,31,35,36,3,power_raw
2011-05-12,100000038,10,19,24,25,30,31,7,power_raw
2011-05-16,100000039,3,8,17,21,29,37,8,power_raw
2011-05-19,100000040,2,6,16,19,35,38,8,power_raw
2011-05-23,100000041,8,11,13,16,24,26,4,power_raw
2011-05-26,100000042,6,8,12,19,21,30,8,power_raw
2011-05-30,100000043,2,10,22,30,32,37,4,power_raw
2011-06-02,100000044,1,4,19,22,30,33,4,power_raw
2011-06-06,100000045,10,16,22,36,37,38,4,power_raw
2011-06-09,100000046,3,12,13,15,36,37,3,power_raw
2011-06-13,100000047,7,9,11,18,31,36,1,power_raw
2011-06-16,100000048,8,15,25,29,33,38,1,power_raw
2011-06-20,100000049,4,6,10,22,27,34,2,power_raw
2011-06-23,100000050,3,20,26,28,30,36,5,power_raw
2011-06-27,100000051,4,6,15,23,33,35,3,power_raw
2011-06-30,100000052,15,17,19,30,35,38,1,power_raw
2011-07-04,100000053,1,5,12,17,31,37,6,power_raw
2011-07-07,100000054,2,7,19,22,33,37,1,power_raw
2011-07-11,100000055,2,4,12,14,28,32,2,power_raw
2011-07-14,100000056,2,10,12,31,33,37,1,power_raw
2011-07-18,100000057,3,13,29,30,32,37,6,power_raw
2011-07-21,100000058,1,7,19,20,21,26,7,power_raw
2011-07-25,100000059,5,8,18,20,22,23,1,power_raw
2011-07-28,100000060,1,6,19,25,34,35,8,power_raw
2011-08-01,100000061,14,19,22,27,31,34,7,power_raw
2011-08-04,100000062,6,14,17,23,24,33,1,power_raw
2011-08-08,100000063,7,8,27,34,37,38,1,power_raw
2011-08-11,100000064,1,6,8,18,25,29,5,power_raw
2011-08-15,100000065,2,11,14,15,30,35,7,power_raw
2011-08-18,100000066,5,6,7,8,32,37,3,power_raw
2011-08-22,100000067,2,3,12,21,25,37,4,power_raw
2011-08-25,100000068,1,8,13,14,16,36,7,power_raw
2011-08-29,100000069,6,10,15,22,29,35,1,power_raw
2011-09-01,100000070,2,10,11,13,27,29,2,power_raw
2011-09-05,100000071,7,16,26,27,33,36,4,power_raw
2011-09-08,100000072,4,6,8,12,15,21,7,power_raw
2011-09-12,100000073,4,6,7,17,32,36,7,power_raw
2011-09-15,100000074,1,3,17,18,21,34,7,power_raw
2011-09-19,100000075,7,11,24,25,37,38,3,power_raw
2011-09-22,100000076,11,20,22,23,27,38,2,power_raw
2011-09-26,100000077,5,15,18,19,24,37,6,power_raw
2011-09-29,100000078,1,15,33,34,36,37,8,power_raw
2011-10-03,100000079,1,4,13,16,27,35,8,power_raw
2011-10-06,100000080,12,14,18,20,24,27,2,power_raw
2011-10-10,100000081,8,9,19,20,25,34,2,power_raw
2011-10-13,100000082,6,17,18,25,27,34,6,power_raw
2011-10-17,100000083,10,19,29,33,36,37,1,power_raw
2011-10-20,100000084,5,20,22,26,30,38,4,power_raw
2011-10-24,100000085,2,12,15,25,30,31,6,power_raw
2011-10-27,100000086,5,10,12,16,23,28,7,power_raw
2011-10-31,100000087,6,8,14,20,23,27,3,power_raw
2011-11-03,100000088,13,22,26,27,36,37,5,power_raw
2011-11-07,100000089,1,8,23,26,27,34,3,power_raw
2011-11-10,100000090,8,19,23,27,32,35,8,power_raw
2011-11-14,100000091,11,18,20,21,24,34,5,power_raw
2011-11-17,100000092,1,3,13,14,24,30,6,power_raw
2011-11-21,100000093,11,12,13,14,25,32,8,power_raw
2011-11-24,100000094,4,5,13,16,32,37,7,power_raw
2011-11-28,100000095,4,9,18,20,33,35,4,power_raw
2011-12-01,100000096,3,16,19,26,31,35,3,power_raw
2011-12-05,100000097,4,6,9,21,32,33,2,power_raw
2011-12-08,100000098,2,5,8,21,35,37,8,power_raw
2011-12-12,100000099,7,10,19,21,27,31,5,power_raw
2011-12-15,100000100,1,7,9,27,28,29,2,power_raw
2011-12-19,100000101,6,10,14,25,29,35,3,power_raw
2011-12-22,100000102,4,11,13,20,22,23,2,power_raw
2011-12-26,100000103,1,9,17,19,24,35,5,power_raw
2011-12-29,100000104,3,4,7,10,15,19,5,power_raw
2012-01-02,101000001,6,10,11,26,27,30,4,power_raw
2012-01-05,101000002,10,15,18,28,31,32,4,power_raw
2012-01-09,101000003,2,9,25,27,30,34,5,power_raw
2012-01-12,101000004,3,15,21,23,30,32,7,power_raw
2012-01-16,101000005,7,11,18,33,36,37,6,power_raw
2012-01-19,101000006,3,7,8,11,13,18,6,power_raw
2012-01-23,101000007,6,8,23,24,29,36,8,power_raw
2012-01-26,101000008,2,4,9,16,19,38,1,power_raw
2012-01-30,101000009,11,17,18,20,27,38,5,power_raw
2012-02-02,101000010,1,3,4,8,14,29,7,power_raw
2012-02-06,101000011,4,7,14,20,23,38,3,power_raw
2012-02-09,101000012,6,12,20,25,28,37,8,power_raw
2012-02-13,101000013,4,9,15,24,29,35,8,power_raw
2012-02-16,101000014,7,16,23,24,29,34,5,power_raw
2012-02-20,101000015,1,2,9,12,14,22,2,power_raw
2012-02-23,101000016,8,13,19,30,35,37,7,power_raw
2012-02-27,101000017,3,4,10,12,20,23,4,power_raw
2012-03-01,101000018,1,4,7,9,15,16,6,power_raw
2012-03-05,101000019,6,11,15,21,26,27,3,power_raw
2012-03-08,101000020,9,11,12,23,28,37,4,power_raw
2012-03-12,101000021,3,9,13,22,23,37,1,power_raw
2012-03-15,101000022,4,12,17,20,29,37,3,power_raw
2012-03-19,101000023,9,17,18,21,26,34,1,power_raw
2012-03-22,101000024,10,12,14,15,34,35,6,power_raw
2012-03-26,101000025,1,3,12,21,23,25,2,power_raw
2012-03-29,101000026,8,15,17,22,26,32,1,power_raw
2012-04-02,101000027,1,11,15,18,29,38,1,power_raw
2012-04-05,101000028,8,9,23,32,35,36,7,power_raw
2012-04-09,101000029,1,10,19,21,24,31,5,power_raw
2012-04-12,101000030,6,26,27,30,32,35,2,power_raw
2012-04-16,101000031,3,4,13,18,25,27,1,power_raw
2012-04-19,101000032,5,10,12,26,35,38,2,power_raw
2012-04-23,101000033,1,11,16,17,19,35,5,power_raw
2012-04-26,101000034,2,3,4,14,17,35,1,power_raw
2012-04-30,101000035,3,5,18,22,27,37,1,power_raw
2012-05-03,101000036,4,9,10,15,17,34,3,power_raw
2012-05-07,101000037,2,13,18,22,23,25,4,power_raw
2012-05-10,101000038,14,20,21,25,32,37,3,power_raw
2012-05-14,101000039,4,5,6,16,18,28,1,power_raw
2012-05-17,101000040,6,15,21,25,28,29,4,power_raw
2012-05-21,101000041,11,13,19,23,31,38,3,power_raw
2012-05-24,101000042,1,6,10,12,29,36,4,power_raw
2012-05-28,101000043,7,16,17,22,31,35,2,power_raw
2012-05-31,101000044,3,7,15,17,21,34,8,power_raw
2012-06-04,101000045,4,15,18,29,34,38,4,power_raw
2012-06-07,101000046,8,12,20,27,29,30,1,power_raw
2012-06-11,101000047,7,17,22,26,29,33,7,power_raw
2012-06-14,101000048,3,14,15,16,20,36,5,power_raw
2012-06-18,101000049,8,13,14,21,24,34,6,power_raw
2012-06-21,101000050,4,16,26,28,37,38,1,power_raw
2012-06-25,101000051,1,15,16,24,26,30,5,power_raw
2012-06-28,101000052,15,16,25,31,35,37,4,power_raw
2012-07-02,101000053,3,7,21,35,37,38,3,power_raw
2012-07-05,101000054,2,4,6,17,29,38,8,power_raw
2012-07-09,101000055,1,6,8,30,32,35,6,power_raw
2012-07-12,101000056,10,15,20,22,34,36,5,power_raw
2012-07-16,101000057,12,19,23,36,37,38,6,power_raw
2012-07-19,101000058,14,23,25,26,30,31,3,power_raw
2012-07-23,101000059,5,12,18,33,34,37,2,power_raw
2012-07-26,101000060,2,7,10,11,19,33,1,power_raw
2012-07-30,101000061,3,10,18,24,29,37,7,power_raw
2012-08-02,101000062,18,21,27,29,30,37,4,power_raw
2012-08-06,101000063,9,12,17,18,27,33,4,power_raw
2012-08-09,101000064,2,3,23,25,27,33,1,power_raw
2012-08-13,101000065,5,10,17,22,35,37,5,power_raw
2012-08-16,101000066,11,13,14,16,36,38,5,power_raw
2012-08-20,101000067,5,14,17,20,23,30,6,power_raw
2012-08-23,101000068,1,5,11,16,21,31,8,power_raw
2012-08-27,101000069,3,6,16,23,25,37,7,power_raw
2012-08-30,101000070,1,2,8,9,22,36,5,power_raw
2012-09-03,101000071,1,12,14,17,24,27,3,power_raw
2012-09-06,101000072,7,13,23,32,34,36,3,power_raw
2012-09-10,101000073,2,9,17,20,35,38,7,power_raw
2012-09-13,101000074,1,4,5,14,17,26,8,power_raw
2012-09-17,101000075,1,6,7,10,21,27,5,power_raw
2012-09-20,101000076,4,11,14,18,21,34,2,power_raw
2012-09-24,101000077,4,7,19,20,24,30,1,power_raw
2012-09-27,101000078,11,13,15,27,29,32,3,power_raw
2012-10-01,101000079,7,11,14,16,19,34,5,power_raw
2012-10-04,101000080,2,16,17,19,24,28,5,power_raw
2012-10-08,101000081,7,29,31,32,35,36,7,power_raw
2012-10-11,101000082,1,6,12,23,28,34,2,power_raw
2012-10-15,101000083,9,12,16,18,28,29,7,power_raw
2012-10-18,101000084,2,8,15,19,22,29,4,power_raw
2012-10-22,101000085,5,10,14,19,21,24,5,power_raw
2012-10-25,101000086,3,4,7,19,28,30,8,power_raw
2012-10-29,101000087,12,13,26,30,36,38,8,power_raw
2012-11-01,101000088,6,7,12,15,24,38,3,power_raw
2012-11-05,101000089,1,10,12,15,30,33,6,power_raw
2012-11-08,101000090,8,10,18,22,25,33,7,power_raw
2012-11-12,101000091,1,8,21,24,31,33,8,power_raw
2012-11-15,101000092,3,11,12,27,32,35,2,power_raw
2012-11-19,101000093,2,6,28,29,32,37,4,power_raw
2012-11-22,101000094,8,22,26,27,36,38,8,power_raw
2012-11-26,101000095,4,5,8,18,23,29,2,power_raw
2012-11-29,101000096,3,6,11,16,21,35,2,power_raw
2012-12-03,101000097,5,9,11,14,22,30,8,power_raw
2012-12-06,101000098,1,5,10,12,21,24,8,power_raw
2012-12-10,101000099,4,6,15,20,22,38,7,power_raw
2012-12-13,101000100,6,8,14,27,28,33,1,power_raw
2012-12-17,101000101,3,12,24,27,32,34,4,power_raw
2012-12-20,101000102,1,24,26,29,32,38,7,power_raw
2012-12-24,101000103,1,7,10,14,29,30,4,power_raw
2012-12-27,101000104,15,16,27,30,35,36,2,power_raw
2012-12-31,101000105,15,22,24,28,29,36,2,power_raw
2013-01-03,102000001,3,4,6,17,29,35,7,power_raw
2013-01-07,102000002,1,10,17,22,24,26,7,power_raw
2013-01-10,102000003,2,4,13,16,18,29,5,power_raw
2013-01-14,102000004,3,5,10,23,29,30,2,power_raw
2013-01-17,102000005,3,8,9,15,16,25,5,power_raw
2013-01-21,102000006,1,5,11,14,22,36,1,power_raw
2013-01-24,102000007,5,8,10,22,26,38,2,power_raw
2013-01-28,102000008,3,8,22,26,27,29,5,power_raw
2013-01-31,102000009,3,15,22,28,31,37,8,power_raw
2013-02-04,102000010,6,10,12,19,30,32,5,power_raw
2013-02-07,102000011,3,9,15,23,26,37,2,power_raw
2013-02-11,102000012,1,9,19,29,32,36,5,power_raw
2013-02-14,102000013,13,14,16,22,31,32,3,power_raw
2013-02-18,102000014,2,3,19,31,32,35,1,power_raw
2013-02-21,102000015,21,24,32,35,37,38,5,power_raw
2013-02-25,102000016,1,6,14,20,32,35,5,power_raw
2013-02-28,102000017,10,12,16,19,26,32,5,power_raw
2013-03-04,102000018,2,5,16,24,28,37,2,power_raw
2013-03-07,102000019,12,15,20,29,32,35,5,power_raw
2013-03-11,102000020,3,9,12,14,22,25,2,power_raw
2013-03-14,102000021,2,8,11,15,26,34,6,power_raw
2013-03-18,102000022,3,4,10,14,16,31,4,power_raw
2013-03-21,102000023,9,16,24,34,35,37,5,power_raw
2013-03-25,102000024,2,11,15,17,30,36,1,power_raw
2013-03-28,102000025,1,6,10,15,19,34,7,power_raw
2013-04-01,102000026,1,4,6,12,35,37,6,power_raw
2013-04-04,102000027,1,7,30,31,33,38,5,power_raw
2013-04-08,102000028,7,9,10,30,33,34,8,power_raw
2013-04-11,102000029,2,7,19,27,28,36,7,power_raw
2013-04-15,102000030,11,13,19,20,28,29,6,power_raw
2013-04-18,102000031,3,15,22,23,25,30,5,power_raw
2013-04-22,102000032,13,16,22,24,29,36,5,power_raw
2013-04-25,102000033,7,9,18,21,24,37,6,power_raw
2013-04-29,102000034,14,16,20,23,27,30,8,power_raw
2013-05-02,102000035,4,10,21,26,29,37,3,power_raw
2013-05-06,102000036,5,7,11,12,24,28,8,power_raw
2013-05-09,102000037,3,6,9,15,21,30,5,power_raw
2013-05-13,102000038,5,6,12,27,29,33,1,power_raw
2013-05-16,102000039,7,8,14,24,31,34,8,power_raw
2013-05-20,102000040,8,12,16,27,33,36,3,power_raw
2013-05-23,102000041,10,21,27,31,33,35,7,power_raw
2013-05-27,102000042,4,7,17,32,33,37,7,power_raw
2013-05-30,102000043,7,13,22,23,31,33,1,power_raw
2013-06-03,102000044,6,26,34,35,36,37,3,power_raw
2013-06-06,102000045,8,9,17,22,34,37,8,power_raw
2013-06-10,102000046,3,9,16,30,32,37,5,power_raw
2013-06-13,102000047,14,21,32,34,37,38,3,power_raw
2013-06-17,102000048,19,22,23,25,29,38,1,power_raw
2013-06-20,102000049,1,2,7,11,13,24,3,power_raw
2013-06-24,102000050,12,15,22,24,33,37,6,power_raw
2013-06-27,102000051,4,7,8,14,35,36,3,power_raw
2013-07-01,102000052,4,7,11,15,24,37,7,power_raw
2013-07-04,102000053,6,7,9,13,25,26,4,power_raw
2013-07-08,102000054,4,15,19,21,32,38,6,power_raw
2013-07-11,102000055,1,9,21,28,30,35,7,power_raw
2013-07-15,102000056,1,5,8,20,23,25,8,power_raw
2013-07-18,102000057,1,2,6,12,30,36,3,power_raw
2013-07-22,102000058,3,19,24,33,34,36,1,power_raw
2013-07-25,102000059,8,11,20,22,23,37,6,power_raw
2013-07-29,102000060,2,6,13,18,22,25,6,power_raw
2013-08-01,102000061,6,15,19,20,31,34,2,power_raw
2013-08-05,102000062,12,14,18,27,28,34,5,power_raw
2013-08-08,102000063,2,4,7,8,16,27,6,power_raw
2013-08-12,102000064,5,19,20,22,23,30,2,power_raw
2013-08-15,102000065,3,7,17,20,28,29,5,power_raw
2013-08-19,102000066,5,8,9,18,26,34,8,power_raw
2013-08-22,102000067,1,4,14,17,28,34,5,power_raw
2013-08-26,102000068,2,4,9,17,35,38,5,power_raw
2013-08-29,102000069,3,5,6,28,31,37,6,power_raw
2013-09-02,102000070,2,8,13,20,21,29,8,power_raw
2013-09-05,102000071,7,10,15,22,32,38,2,power_raw
2013-09-09,102000072,2,10,21,26,31,32,8,power_raw
2013-09-12,102000073,2,3,8,18,30,37,7,power_raw
2013-09-16,102000074,1,5,6,7,22,26,7,power_raw
2013-09-19,102000075,6,18,21,22,33,38,4,power_raw
2013-09-23,102000076,12,18,19,24,25,28,5,power_raw
2013-09-26,102000077,4,5,7,18,30,37,1,power_raw
2013-09-30,102000078,2,4,7,16,21,38,7,power_raw
2013-10-03,102000079,4,8,15,25,29,32,1,power_raw
2013-10-07,102000080,1,6,23,24,25,36,4,power_raw
2013-10-10,102000081,7,12,25,31,34,36,5,power_raw
2013-10-14,102000082,2,14,25,27,29,38,3,power_raw
2013-10-17,102000083,2,3,7,17,26,31,8,power_raw
2013-10-21,102000084,6,10,16,23,24,30,8,power_raw
2013-10-24,102000085,11,13,15,30,33,36,3,power_raw
2013-10-28,102000086,4,10,13,14,29,30,7,power_raw
2013-10-31,102000087,1,4,6,16,32,38,3,power_raw
2013-11-04,102000088,5,7,22,28,31,36,3,power_raw
2013-11-07,102000089,1,9,11,13,19,27,5,power_raw
2013-11-11,102000090,8,11,13,16,22,24,7,power_raw
2013-11-14,102000091,12,18,21,28,36,38,1,power_raw
2013-11-18,102000092,3,6,10,31,35,37,1,power_raw
2013-11-21,102000093,5,15,21,23,27,35,7,power_raw
2013-11-25,102000094,4,12,25,30,33,35,2,power_raw
2013-11-28,102000095,16,17,18,28,35,37,4,power_raw
2013-12-02,102000096,3,5,28,31,32,35,1,power_raw
2013-12-05,102000097,5,8,20,22,31,35,7,power_raw
2013-12-09,102000098,5,7,14,15,34,38,1,power_raw
2013-12-12,102000099,1,8,25,28,34,38,6,power_raw
2013-12-16,102000100,4,14,21,22,26,32,7,power_raw
2013-12-19,102000101,4,6,13,26,36,38,8,power_raw
2013-12-23,102000102,8,10,12,21,30,33,1,power_raw
2013-12-26,102000103,2,12,13,21,22,26,4,power_raw
2013-12-30,102000104,6,31,32,34,35,37,4,power_raw
2014-01-02,103000001,8,10,19,27,28,37,3,power_raw
2014-01-06,103000002,7,8,12,18,23,31,2,power_raw
2014-01-09,103000003,4,22,23,31,34,35,1,power_raw
2014-01-13,103000004,3,4,23,24,26,30,2,power_raw
2014-01-16,103000005,13,14,23,34,37,38,7,power_raw
2014-01-20,103000006,4,9,21,23,36,37,3,power_raw
2014-01-23,103000007,12,26,28,29,31,32,6,power_raw
2014-01-27,103000008,8,20,26,28,36,38,8,power_raw
2014-01-30,103000009,6,10,11,14,16,30,1,power_raw
2014-02-03,103000010,17,19,21,24,28,37,6,power_raw
2014-02-06,103000011,2,8,25,29,35,36,2,power_raw
2014-02-10,103000012,13,20,25,27,28,33,1,power_raw
2014-02-13,103000013,6,8,16,20,35,36,8,power_raw
2014-02-17,103000014,8,12,14,17,33,37,5,power_raw
2014-02-20,103000015,1,3,10,13,18,30,1,power_raw
2014-02-24,103000016,10,15,23,27,29,36,5,power_raw
2014-02-27,103000017,4,8,20,21,23,26,5,power_raw
2014-03-03,103000018,1,5,9,13,28,37,5,power_raw
2014-03-06,103000019,8,13,15,20,27,28,4,power_raw
2014-03-10,103000020,11,18,22,27,28,29,4,power_raw
2014-03-13,103000021,11,15,19,21,27,30,4,power_raw
2014-03-17,103000022,2,12,15,22,27,28,5,power_raw
2014-03-20,103000023,1,8,18,25,35,37,5,power_raw
2014-03-24,103000024,6,14,24,31,35,37,1,power_raw
2014-03-27,103000025,4,15,19,22,37,38,5,power_raw
2014-03-31,103000026,2,8,15,16,17,30,6,power_raw
2014-04-03,103000027,2,13,22,25,27,33,8,power_raw
2014-04-07,103000028,5,21,25,28,32,38,5,power_raw
2014-04-10,103000029,6,10,14,15,18,24,7,power_raw
2014-04-14,103000030,6,22,31,32,33,38,4,power_raw
2014-04-17,103000031,1,6,17,19,27,30,6,power_raw
2014-04-21,103000032,9,12,13,24,25,34,5,power_raw
2014-04-24,103000033,8,14,19,21,30,31,2,power_raw
2014-04-28,103000034,1,4,18,26,30,36,1,power_raw
2014-05-01,103000035,2,4,5,11,32,33,8,power_raw
2014-05-05,103000036,16,24,25,31,32,33,5,power_raw
2014-05-08,103000037,9,10,14,19,28,29,8,power_raw
2014-05-12,103000038,1,2,5,8,9,29,1,power_raw
2014-05-15,103000039,7,9,21,28,33,35,8,power_raw
2014-05-19,103000040,1,16,22,31,33,36,4,power_raw
2014-05-22,103000041,9,12,20,34,36,37,3,power_raw
2014-05-26,103000042,2,9,10,19,22,32,5,power_raw
2014-05-29,103000043,18,19,22,27,32,35,2,power_raw
2014-06-02,103000044,7,11,14,20,31,34,7,power_raw
2014-06-05,103000045,8,10,12,19,20,37,1,power_raw
2014-06-09,103000046,4,5,14,18,21,33,2,power_raw
2014-06-12,103000047,4,14,19,22,27,30,5,power_raw
2014-06-16,103000048,3,11,24,27,29,37,1,power_raw
2014-06-19,103000049,10,11,16,24,29,30,1,power_raw
2014-06-23,103000050,4,14,18,19,26,34,3,power_raw
2014-06-26,103000051,4,12,19,24,27,30,7,power_raw
2014-06-30,103000052,4,14,21,25,28,29,2,power_raw
2014-07-03,103000053,8,10,14,22,31,36,4,power_raw
2014-07-07,103000054,4,10,14,30,32,33,8,power_raw
2014-07-10,103000055,1,2,10,21,22,31,8,power_raw
2014-07-14,103000056,1,18,25,26,37,38,6,power_raw
2014-07-17,103000057,16,20,21,27,29,37,3,power_raw
2014-07-21,103000058,1,3,4,10,13,37,1,power_raw
2014-07-24,103000059,6,17,25,29,35,36,1,power_raw
2014-07-28,103000060,5,11,15,16,23,35,1,power_raw
2014-07-31,103000061,1,15,17,31,33,38,2,power_raw
2014-08-04,103000062,5,10,18,26,28,33,2,power_raw
2014-08-07,103000063,17,18,23,25,26,36,5,power_raw
2014-08-11,103000064,14,16,25,27,29,36,7,power_raw
2014-08-14,103000065,4,11,12,16,19,23,6,power_raw
2014-08-18,103000066,10,12,18,31,34,37,5,power_raw
2014-08-21,103000067,18,22,23,25,32,36,6,power_raw
2014-08-25,103000068,3,5,10,20,26,30,6,power_raw
2014-08-28,103000069,1,15,23,24,26,29,5,power_raw
2014-09-01,103000070,5,14,22,23,26,32,8,power_raw
2014-09-04,103000071,1,8,10,14,24,26,1,power_raw
2014-09-08,103000072,5,18,19,21,31,37,8,power_raw
2014-09-11,103000073,5,7,15,25,29,37,8,power_raw
2014-09-15,103000074,3,14,15,20,21,28,8,power_raw
2014-09-18,103000075,5,10,15,23,24,35,6,power_raw
2014-09-22,103000076,8,15,18,23,31,37,8,power_raw
2014-09-25,103000077,10,12,22,26,28,36,8,power_raw
2014-09-29,103000078,2,8,15,27,28,36,7,power_raw
2014-10-02,103000079,4,12,13,26,31,33,6,power_raw
2014-10-06,103000080,15,20,22,25,33,35,7,power_raw
2014-10-09,103000081,2,6,7,8,9,38,8,power_raw
2014-10-13,103000082,3,19,26,30,33,35,2,power_raw
2014-10-16,103000083,9,11,12,20,24,30,2,power_raw
2014-10-20,103000084,11,21,25,30,34,37,1,power_raw
2014-10-23,103000085,8,12,27,28,35,38,6,power_raw
2014-10-27,103000086,7,9,10,24,37,38,8,power_raw
2014-10-30,103000087,6,8,9,10,27,34,6,power_raw
2014-11-03,103000088,2,6,8,11,26,38,7,power_raw
2014-11-06,103000089,5,15,19,20,32,36,3,power_raw
2014-11-10,103000090,1,6,14,17,31,34,8,power_raw
2014-11-13,103000091,12,14,15,17,27,35,6,power_raw
2014-11-17,103000092,5,6,13,24,32,34,1,power_raw
2014-11-20,103000093,12,17,30,31,33,35,4,power_raw
2014-11-24,103000094,3,5,19,22,24,32,2,power_raw
2014-11-27,103000095,1,2,21,29,33,36,8,power_raw
2014-12-01,103000096,1,2,7,14,19,31,7,power_raw
2014-12-04,103000097,2,5,7,11,22,36,6,power_raw
2014-12-08,103000098,11,20,24,27,35,38,8,power_raw
2014-12-11,103000099,7,12,13,21,24,28,6,power_raw
2014-12-15,103000100,5,10,11,15,36,38,6,power_raw
2014-12-18,103000101,1,5,18,20,26,29,5,power_raw
2014-12-22,103000102,1,4,5,13,19,37,2,power_raw
2014-12-25,103000103,3,6,10,14,23,36,1,power_raw
2014-12-29,103000104,2,4,9,10,11,37,2,power_raw
2015-01-01,104000001,1,3,5,11,17,21,2,power_raw
2015-01-05,104000002,1,6,15,23,26,34,6,power_raw
2015-01-08,104000003,3,13,17,29,36,38,7,power_raw
2015-01-12,104000004,16,25,30,35,36,37,5,power_raw
2015-01-15,104000005,1,3,16,28,29,37,2,power_raw
2015-01-19,104000006,4,8,9,21,32,33,2,power_raw
2015-01-22,104000007,14,18,26,27,30,36,5,power_raw
2015-01-26,104000008,4,12,24,25,33,38,4,power_raw
2015-01-29,104000009,1,4,14,18,29,30,8,power_raw
2015-02-02,104000010,1,4,17,24,26,27,7,power_raw
2015-02-05,104000011,3,10,16,25,29,37,1,power_raw
2015-02-09,104000012,1,3,4,15,16,34,2,power_raw
2015-02-12,104000013,7,8,10,25,33,36,3,power_raw
2015-02-16,104000014,4,5,7,23,24,30,2,power_raw
2015-02-19,104000015,4,12,13,15,23,38,4,power_raw
2015-02-23,104000016,5,13,31,34,35,38,2,power_raw
2015-02-26,104000017,8,21,22,26,32,37,4,power_raw
2015-03-02,104000018,9,11,12,21,31,36,7,power_raw
2015-03-05,104000019,2,4,8,13,24,26,2,power_raw
2015-03-09,104000020,3,12,16,18,21,36,3,power_raw
2015-03-12,104000021,1,2,14,22,27,30,1,power_raw
2015-03-16,104000022,5,8,20,22,30,34,8,power_raw
2015-03-19,104000023,6,17,30,34,35,38,2,power_raw
2015-03-23,104000024,10,12,17,18,27,32,5,power_raw
2015-03-26,104000025,6,14,24,26,36,38,3,power_raw
2015-03-30,104000026,1,8,10,19,23,24,5,power_raw
2015-04-02,104000027,1,8,12,18,19,37,5,power_raw
2015-04-06,104000028,1,7,20,22,25,32,8,power_raw
2015-04-09,104000029,2,6,11,12,15,28,2,power_raw
2015-04-13,104000030,5,12,20,23,32,37,2,power_raw
2015-04-16,104000031,3,8,26,28,29,35,3,power_raw
2015-04-20,104000032,11,21,22,24,25,26,6,power_raw
2015-04-23,104000033,9,11,15,25,28,38,3,power_raw
2015-04-27,104000034,2,12,14,26,34,37,2,power_raw
2015-04-30,104000035,12,13,23,26,32,35,4,power_raw
2015-05-04,104000036,6,8,13,16,25,33,3,power_raw
2015-05-07,104000037,7,13,18,24,26,27,6,power_raw
2015-05-11,104000038,3,5,10,23,30,31,4,power_raw
2015-05-14,104000039,10,15,16,22,30,35,5,power_raw
2015-05-18,104000040,5,6,13,17,23,38,8,power_raw
2015-05-21,104000041,1,6,12,15,25,37,2,power_raw
2015-05-25,104000042,4,7,11,25,30,38,4,power_raw
2015-05-28,104000043,19,21,22,25,31,33,1,power_raw
2015-06-01,104000044,2,23,25,32,34,37,6,power_raw
2015-06-04,104000045,3,15,21,24,33,35,2,power_raw
2015-06-08,104000046,6,10,11,13,19,28,1,power_raw
2015-06-11,104000047,9,24,26,27,37,38,6,power_raw
2015-06-15,104000048,4,7,8,25,31,35,8,power_raw
2015-06-18,104000049,5,8,13,17,21,38,5,power_raw
2015-06-22,104000050,3,5,11,19,26,27,2,power_raw
2015-06-25,104000051,3,8,10,17,27,37,8,power_raw
2015-06-29,104000052,7,24,25,26,27,29,7,power_raw
2015-07-02,104000053,7,23,29,31,36,37,8,power_raw
2015-07-06,104000054,7,11,12,14,22,27,3,power_raw
2015-07-09,104000055,3,4,15,27,32,36,5,power_raw
2015-07-13,104000056,1,12,17,27,29,31,6,power_raw
2015-07-16,104000057,1,2,7,24,31,38,8,power_raw
2015-07-20,104000058,13,16,28,33,35,37,8,power_raw
2015-07-23,104000059,2,3,11,16,18,29,4,power_raw
2015-07-27,104000060,4,7,23,26,30,36,7,power_raw
2015-07-30,104000061,3,9,11,16,23,24,4,power_raw
2015-08-03,104000062,17,18,28,30,36,38,4,power_raw
2015-08-06,104000063,6,8,9,14,22,24,3,power_raw
2015-08-10,104000064,6,16,18,20,24,38,7,power_raw
2015-08-13,104000065,6,13,25,27,29,33,1,power_raw
2015-08-17,104000066,15,19,23,27,28,33,2,power_raw
2015-08-20,104000067,3,7,20,21,24,33,8,power_raw
2015-08-24,104000068,13,17,18,22,29,31,3,power_raw
2015-08-27,104000069,2,17,23,27,30,34,1,power_raw
2015-08-31,104000070,12,15,24,31,36,37,6,power_raw
2015-09-03,104000071,3,4,5,15,16,33,6,power_raw
2015-09-07,104000072,7,24,25,28,31,34,3,power_raw
2015-09-10,104000073,15,22,25,26,32,34,4,power_raw
2015-09-14,104000074,9,19,21,23,27,37,8,power_raw
2015-09-17,104000075,9,11,24,27,34,35,4,power_raw
2015-09-21,104000076,1,2,5,11,25,33,4,power_raw
2015-09-24,104000077,3,5,13,16,24,26,3,power_raw
2015-09-28,104000078,5,12,13,22,27,30,8,power_raw
2015-10-01,104000079,2,6,14,16,23,31,3,power_raw
2015-10-05,104000080,20,22,30,32,36,37,1,power_raw
2015-10-08,104000081,7,9,10,16,19,22,8,power_raw
2015-10-12,104000082,4,19,23,31,33,35,2,power_raw
2015-10-15,104000083,9,10,24,31,35,36,7,power_raw
2015-10-19,104000084,4,17,25,27,32,37,1,power_raw
2015-10-22,104000085,4,8,16,24,26,33,6,power_raw
2015-10-26,104000086,2,9,19,20,31,32,7,power_raw
2015-10-29,104000087,3,10,11,18,19,33,5,power_raw
2015-11-02,104000088,3,14,21,25,28,36,3,power_raw
2015-11-05,104000089,1,11,12,20,24,37,8,power_raw
2015-11-09,104000090,6,7,13,26,28,33,5,power_raw
2015-11-12,104000091,1,2,13,15,29,33,3,power_raw
2015-11-16,104000092,2,9,15,20,22,23,5,power_raw
2015-11-19,104000093,3,5,27,28,35,37,5,power_raw
2015-11-23,104000094,1,5,9,15,19,22,5,power_raw
2015-11-26,104000095,3,4,5,7,19,38,4,power_raw
2015-11-30,104000096,4,13,20,27,33,38,1,power_raw
2015-12-03,104000097,7,8,17,19,20,30,2,power_raw
2015-12-07,104000098,13,19,20,23,32,34,4,power_raw
2015-12-10,104000099,11,12,26,30,32,34,8,power_raw
2015-12-14,104000100,2,6,7,9,16,25,1,power_raw
2015-12-17,104000101,6,8,13,15,17,29,5,power_raw
2015-12-21,104000102,1,6,11,14,20,38,5,power_raw
2015-12-24,104000103,13,17,23,27,29,34,5,power_raw
2015-12-28,104000104,5,11,12,26,30,37,5,power_raw
2015-12-31,104000105,3,13,22,26,31,37,6,power_raw
2016-01-04,105000001,11,13,18,26,28,29,7,power_raw
2016-01-07,105000002,5,14,28,34,35,38,6,power_raw
2016-01-11,105000003,19,27,33,34,35,36,4,power_raw
2016-01-14,105000004,9,11,13,17,27,34,6,power_raw
2016-01-18,105000005,1,16,17,29,30,32,7,power_raw
2016-01-21,105000006,6,15,18,22,34,35,3,power_raw
2016-01-25,105000007,20,23,24,25,29,32,8,power_raw
2016-01-28,105000008,3,9,23,26,30,36,5,power_raw
2016-02-01,105000009,3,19,20,26,32,34,8,power_raw
2016-02-04,105000010,7,13,22,32,34,37,7,power_raw
2016-02-08,105000011,1,4,8,11,19,23,3,power_raw
2016-02-11,105000012,1,16,20,25,30,33,1,power_raw
2016-02-15,105000013,3,7,9,20,28,32,5,power_raw
2016-02-18,105000014,8,20,23,27,36,37,4,power_raw
2016-02-22,105000015,4,12,19,23,30,33,5,power_raw
2016-02-25,105000016,10,15,18,28,29,33,5,power_raw
2016-02-29,105000017,1,9,15,17,18,38,6,power_raw
2016-03-03,105000018,3,11,12,22,24,27,6,power_raw
2016-03-07,105000019,10,11,14,24,34,38,3,power_raw
2016-03-10,105000020,6,16,21,32,35,38,7,power_raw
2016-03-14,105000021,3,6,7,13,17,28,3,power_raw
2016-03-17,105000022,7,9,19,26,28,31,8,power_raw
2016-03-21,105000023,9,10,19,25,27,32,5,power_raw
2016-03-24,105000024,3,8,16,24,31,38,6,power_raw
2016-03-28,105000025,4,8,14,16,27,34,2,power_raw
2016-03-31,105000026,2,7,11,25,26,28,4,power_raw
2016-04-04,105000027,2,8,14,16,29,37,6,power_raw
2016-04-07,105000028,3,6,26,29,33,36,5,power_raw
2016-04-11,105000029,2,15,21,23,31,36,1,power_raw
2016-04-14,105000030,15,22,28,29,30,38,7,power_raw
2016-04-18,105000031,4,8,12,17,21,35,8,power_raw
2016-04-21,105000032,13,15,16,23,27,30,2,power_raw
2016-04-25,105000033,7,8,10,21,27,34,4,power_raw
2016-04-28,105000034,1,6,8,15,24,37,7,power_raw
2016-05-02,105000035,9,15,17,18,22,28,6,power_raw
2016-05-05,105000036,2,9,14,16,18,19,6,power_raw
2016-05-09,105000037,4,14,20,30,37,38,4,power_raw
2016-05-12,105000038,1,12,15,19,22,32,5,power_raw
2016-05-16,105000039,9,11,21,27,28,38,4,power_raw
2016-05-19,105000040,1,10,16,23,30,32,2,power_raw
2016-05-23,105000041,3,11,14,15,35,38,2,power_raw
2016-05-26,105000042,3,5,12,24,25,28,6,power_raw
2016-05-30,105000043,3,12,17,27,28,38,4,power_raw
2016-06-02,105000044,11,16,17,33,34,38,8,power_raw
2016-06-06,105000045,6,13,14,24,29,38,8,power_raw
2016-06-09,105000046,10,12,24,27,35,38,6,power_raw
2016-06-13,105000047,3,10,14,21,23,36,3,power_raw
2016-06-16,105000048,2,9,11,19,31,35,4,power_raw
2016-06-20,105000049,2,6,7,9,21,32,4,power_raw
2016-06-23,105000050,5,8,12,15,31,33,5,power_raw
2016-06-27,105000051,14,18,19,26,27,29,6,power_raw
2016-06-30,105000052,6,16,22,23,31,34,8,power_raw
2016-07-04,105000053,1,21,29,31,33,34,2,power_raw
2016-07-07,105000054,2,5,11,17,23,27,2,power_raw
2016-07-11,105000055,5,10,14,31,34,38,2,power_raw
2016-07-14,105000056,7,25,27,31,36,37,7,power_raw
2016-07-18,105000057,1,9,14,26,30,37,6,power_raw
2016-07-21,105000058,13,20,22,23,29,38,8,power_raw
2016-07-25,105000059,5,6,14,26,31,38,6,power_raw
2016-07-28,105000060,3,6,8,17,21,37,1,power_raw
2016-08-01,105000061,1,18,22,26,35,38,2,power_raw
2016-08-04,105000062,6,14,17,18,32,38,2,power_raw
2016-08-08,105000063,1,2,12,16,21,35,3,power_raw
2016-08-11,105000064,1,22,31,33,35,37,3,power_raw
2016-08-15,105000065,5,8,14,28,30,38,5,power_raw
2016-08-18,105000066,1,8,17,22,24,26,6,power_raw
2016-08-22,105000067,12,16,23,26,29,33,7,power_raw
2016-08-25,105000068,1,13,30,31,33,37,8,power_raw
2016-08-29,105000069,7,8,23,29,32,34,5,power_raw
2016-09-01,105000070,10,14,18,21,29,37,5,power_raw
2016-09-05,105000071,4,7,21,25,35,37,4,power_raw
2016-09-08,105000072,10,18,21,27,31,33,3,power_raw
2016-09-12,105000073,9,11,13,23,33,36,3,power_raw
2016-09-15,105000074,3,4,6,17,29,37,7,power_raw
2016-09-19,105000075,7,8,12,15,18,31,6,power_raw
2016-09-22,105000076,14,15,19,24,25,37,6,power_raw
2016-09-26,105000077,5,10,11,20,22,36,6,power_raw
2016-09-29,105000078,2,6,13,20,28,37,2,power_raw
2016-10-03,105000079,2,7,26,27,32,36,2,power_raw
2016-10-06,105000080,5,7,14,19,33,34,3,power_raw
2016-10-10,105000081,7,11,20,29,34,38,4,power_raw
2016-10-13,105000082,2,5,6,10,33,36,3,power_raw
2016-10-17,105000083,1,6,10,20,23,35,6,power_raw
2016-10-20,105000084,4,13,19,23,24,29,5,power_raw
2016-10-24,105000085,1,5,6,8,14,27,4,power_raw
2016-10-27,105000086,5,11,12,26,31,33,7,power_raw
2016-10-31,105000087,10,15,20,24,27,34,8,power_raw
2016-11-03,105000088,4,5,14,21,26,36,5,power_raw
2016-11-07,105000089,9,19,22,29,30,34,4,power_raw
2016-11-10,105000090,1,4,5,15,27,29,4,power_raw
2016-11-14,105000091,5,6,13,15,17,30,7,power_raw
2016-11-17,105000092,7,8,28,29,37,38,1,power_raw
2016-11-21,105000093,10,14,23,28,32,36,2,power_raw
2016-11-24,105000094,1,7,10,15,16,28,2,power_raw
2016-11-28,105000095,13,18,26,30,32,36,3,power_raw
2016-12-01,105000096,5,12,18,27,34,38,5,power_raw
2016-12-05,105000097,13,23,30,32,33,35,8,power_raw
2016-12-08,105000098,1,8,16,18,22,30,6,power_raw
2016-12-12,105000099,5,11,15,20,26,31,4,power_raw
2016-12-15,105000100,2,4,9,13,33,36,6,power_raw
2016-12-19,105000101,6,9,12,23,28,34,5,power_raw
2016-12-22,105000102,9,10,16,29,32,38,6,power_raw
2016-12-26,105000103,7,11,22,24,31,36,3,power_raw
2016-12-29,105000104,8,11,15,17,21,31,7,power_raw
2017-01-02,106000001,4,7,9,21,31,34,2,power_raw
2017-01-05,106000002,7,13,18,24,29,37,7,power_raw
2017-01-09,106000003,4,8,15,24,35,36,6,power_raw
2017-01-12,106000004,2,7,10,17,31,32,3,power_raw
2017-01-16,106000005,15,16,18,20,23,24,3,power_raw
2017-01-19,106000006,3,7,25,26,35,36,5,power_raw
2017-01-23,106000007,2,5,7,8,15,24,7,power_raw
2017-01-26,106000008,2,8,16,17,24,38,5,power_raw
2017-01-30,106000009,3,7,8,10,18,31,4,power_raw
2017-02-02,106000010,1,9,10,20,30,37,3,power_raw
2017-02-06,106000011,2,15,20,21,33,34,3,power_raw
2017-02-09,106000012,1,3,25,28,30,36,2,power_raw
2017-02-13,106000013,4,9,21,22,25,33,7,power_raw
2017-02-16,106000014,6,12,14,15,20,24,7,power_raw
2017-02-20,106000015,12,16,17,24,35,38,4,power_raw
2017-02-23,106000016,1,2,6,11,16,29,7,power_raw
2017-02-27,106000017,18,20,25,32,37,38,1,power_raw
2017-03-02,106000018,3,8,14,19,28,34,2,power_raw
2017-03-06,106000019,6,7,11,23,25,26,4,power_raw
2017-03-09,106000020,6,7,18,20,24,32,7,power_raw
2017-03-13,106000021,5,13,14,23,30,32,2,power_raw
2017-03-16,106000022,2,8,11,15,20,21,2,power_raw
2017-03-20,106000023,3,4,27,29,35,38,2,power_raw
2017-03-23,106000024,7,8,14,15,18,29,2,power_raw
2017-03-27,106000025,5,12,22,34,35,38,2,power_raw
2017-03-30,106000026,5,10,12,16,31,37,7,power_raw
2017-04-03,106000027,1,13,15,22,26,33,6,power_raw
2017-04-06,106000028,1,2,7,33,36,37,5,power_raw
2017-04-10,106000029,6,8,10,12,18,38,3,power_raw
2017-04-13,106000030,1,7,9,19,30,37,4,power_raw
2017-04-17,106000031,2,11,23,24,34,35,4,power_raw
2017-04-20,106000032,1,14,16,19,24,35,8,power_raw
2017-04-24,106000033,1,6,12,24,25,35,6,power_raw
2017-04-27,106000034,4,6,11,18,24,26,4,power_raw
2017-05-01,106000035,2,4,7,16,17,23,1,power_raw
2017-05-04,106000036,4,9,13,14,19,37,2,power_raw
2017-05-08,106000037,3,7,14,17,26,38,7,power_raw
2017-05-11,106000038,4,6,12,28,29,37,3,power_raw
2017-05-15,106000039,6,11,12,14,27,31,4,power_raw
2017-05-18,106000040,1,4,15,17,30,32,3,power_raw
2017-05-22,106000041,2,5,10,11,36,38,3,power_raw
2017-05-25,106000042,7,15,22,24,26,34,1,power_raw
2017-05-29,106000043,1,8,11,13,20,37,1,power_raw
2017-06-01,106000044,1,5,8,31,34,35,2,power_raw
2017-06-05,106000045,2,4,15,16,25,36,3,power_raw
2017-06-08,106000046,1,8,9,11,26,29,4,power_raw
2017-06-12,106000047,7,9,15,20,30,31,5,power_raw
2017-06-15,106000048,8,13,23,28,34,35,2,power_raw
2017-06-19,106000049,6,9,13,21,24,30,5,power_raw
2017-06-22,106000050,3,6,12,18,20,35,2,power_raw
2017-06-26,106000051,17,19,20,27,31,37,3,power_raw
2017-06-29,106000052,4,7,19,20,25,36,8,power_raw
2017-07-03,106000053,3,7,8,11,31,32,3,power_raw
2017-07-06,106000054,8,12,21,30,34,35,5,power_raw
2017-07-10,106000055,5,14,16,21,22,28,5,power_raw
2017-07-13,106000056,13,16,18,19,30,33,3,power_raw
2017-07-17,106000057,6,10,11,25,32,38,3,power_raw
2017-07-20,106000058,9,10,13,15,22,35,3,power_raw
2017-07-24,106000059,5,19,25,29,32,34,8,power_raw
2017-07-27,106000060,11,15,17,26,29,34,1,power_raw
2017-07-31,106000061,1,8,9,29,35,38,1,power_raw
2017-08-03,106000062,1,17,18,21,25,37,1,power_raw
2017-08-07,106000063,4,6,7,22,25,37,4,power_raw
2017-08-10,106000064,1,5,12,22,30,32,8,power_raw
2017-08-14,106000065,1,8,13,19,30,35,5,power_raw
2017-08-17,106000066,9,11,12,13,24,30,4,power_raw
2017-08-21,106000067,1,3,17,20,26,31,2,power_raw
2017-08-24,106000068,4,12,15,17,22,30,3,power_raw
2017-08-28,106000069,4,10,15,16,17,28,1,power_raw
2017-08-31,106000070,2,5,8,9,14,18,4,power_raw
2017-09-04,106000071,8,10,14,15,18,29,2,power_raw
2017-09-07,106000072,2,3,7,12,14,22,4,power_raw
2017-09-11,106000073,1,3,21,26,32,34,2,power_raw
2017-09-14,106000074,5,13,22,25,26,31,5,power_raw
2017-09-18,106000075,2,4,8,22,26,37,1,power_raw
2017-09-21,106000076,4,6,11,16,18,23,4,power_raw
2017-09-25,106000077,3,4,15,16,24,34,4,power_raw
2017-09-28,106000078,1,4,18,25,34,36,1,power_raw
2017-10-02,106000079,3,13,17,26,34,38,8,power_raw
2017-10-05,106000080,6,7,8,12,28,30,1,power_raw
2017-10-09,106000081,15,17,19,20,24,27,8,power_raw
2017-10-12,106000082,4,17,20,25,27,33,6,power_raw
2017-10-16,106000083,2,7,9,16,17,25,7,power_raw
2017-10-19,106000084,6,8,10,11,12,21,6,power_raw
2017-10-23,106000085,10,11,17,30,33,35,8,power_raw
2017-10-26,106000086,5,7,24,26,34,38,3,power_raw
2017-10-30,106000087,13,14,19,24,32,38,1,power_raw
2017-11-02,106000088,2,9,19,26,29,31,1,power_raw
2017-11-06,106000089,1,9,16,21,27,31,5,power_raw
2017-11-09,106000090,8,18,19,20,23,37,8,power_raw
2017-11-13,106000091,4,15,17,20,25,28,1,power_raw
2017-11-16,106000092,1,11,13,20,21,38,2,power_raw
2017-11-20,106000093,9,16,18,26,30,37,5,power_raw
2017-11-23,106000094,14,17,20,28,29,34,5,power_raw
2017-11-27,106000095,10,13,14,17,20,21,2,power_raw
2017-11-30,106000096,7,8,13,28,29,34,2,power_raw
2017-12-04,106000097,17,19,20,24,26,36,3,power_raw
2017-12-07,106000098,3,4,7,17,20,22,5,power_raw
2017-12-11,106000099,3,10,15,16,23,38,3,power_raw
2017-12-14,106000100,1,6,12,24,25,30,3,power_raw
2017-12-18,106000101,1,3,7,17,24,28,7,power_raw
2017-12-21,106000102,3,8,22,23,24,36,4,power_raw
2017-12-25,106000103,2,10,12,15,16,21,5,power_raw
2017-12-28,106000104,1,14,18,23,28,29,7,power_raw
2018-01-01,107000001,13,15,16,30,32,37,6,power_raw
2018-01-04,107000002,2,12,21,24,34,37,5,power_raw
2018-01-08,107000003,3,6,11,26,31,38,6,power_raw
2018-01-11,107000004,5,8,12,19,25,38,3,power_raw
2018-01-15,107000005,6,13,16,26,32,33,3,power_raw
2018-01-18,107000006,5,11,16,17,23,38,2,power_raw
2018-01-22,107000007,6,9,10,13,28,38,6,power_raw
2018-01-25,107000008,9,14,20,29,36,38,4,power_raw
2018-01-29,107000009,2,8,26,32,33,37,7,power_raw
2018-02-01,107000010,2,13,17,19,26,36,6,power_raw
2018-02-05,107000011,9,10,24,25,27,33,2,power_raw
2018-02-08,107000012,4,6,11,14,18,24,5,power_raw
2018-02-12,107000013,1,6,8,17,25,33,2,power_raw
2018-02-15,107000014,1,8,11,14,15,19,3,power_raw
2018-02-19,107000015,5,8,12,26,30,36,4,power_raw
2018-02-22,107000016,3,5,7,16,18,27,1,power_raw
2018-02-26,107000017,5,6,12,19,26,33,6,power_raw
2018-03-01,107000018,12,22,25,31,32,36,2,power_raw
2018-03-05,107000019,12,13,20,22,31,38,2,power_raw
2018-03-08,107000020,1,12,24,25,31,35,4,power_raw
2018-03-12,107000021,2,8,13,19,22,36,1,power_raw
2018-03-15,107000022,1,4,16,19,24,28,6,power_raw
2018-03-19,107000023,13,16,21,23,34,38,6,power_raw
2018-03-22,107000024,8,13,15,24,33,34,7,power_raw
2018-03-26,107000025,11,13,14,15,22,32,2,power_raw
2018-03-29,107000026,8,13,14,19,24,36,2,power_raw
2018-04-02,107000027,9,18,22,28,29,30,2,power_raw
2018-04-05,107000028,6,15,19,34,37,38,3,power_raw
2018-04-09,107000029,1,3,13,21,23,38,2,power_raw
2018-04-12,107000030,9,10,12,21,24,37,7,power_raw
2018-04-16,107000031,19,20,23,24,32,38,1,power_raw
2018-04-19,107000032,4,9,15,18,29,33,7,power_raw
2018-04-23,107000033,3,7,13,16,21,36,7,power_raw
2018-04-26,107000034,8,18,19,26,27,35,2,power_raw
2018-04-30,107000035,4,8,12,16,18,22,2,power_raw
2018-05-03,107000036,6,9,10,12,18,26,5,power_raw
2018-05-07,107000037,5,8,15,28,33,35,6,power_raw
2018-05-10,107000038,8,9,13,18,22,36,8,power_raw
2018-05-14,107000039,5,12,27,30,32,37,7,power_raw
2018-05-17,107000040,10,11,17,22,24,38,4,power_raw
2018-05-21,107000041,4,7,16,21,35,36,1,power_raw
2018-05-24,107000042,5,15,22,24,29,38,8,power_raw
2018-05-28,107000043,9,12,14,20,26,32,6,power_raw
2018-05-31,107000044,2,3,13,23,26,38,7,power_raw
2018-06-04,107000045,4,17,25,27,31,33,7,power_raw
2018-06-07,107000046,1,18,24,27,30,31,4,power_raw
2018-06-11,107000047,4,16,17,20,23,27,4,power_raw
2018-06-14,107000048,5,6,12,20,23,32,2,power_raw
2018-06-18,107000049,1,7,9,10,16,17,6,power_raw
2018-06-21,107000050,14,19,24,31,34,36,2,power_raw
2018-06-25,107000051,6,22,27,33,35,38,8,power_raw
2018-06-28,107000052,6,15,18,24,25,28,5,power_raw
2018-07-02,107000053,2,4,7,11,19,32,5,power_raw
2018-07-05,107000054,3,15,19,22,27,38,6,power_raw
2018-07-09,107000055,1,7,10,20,23,24,1,power_raw
2018-07-12,107000056,4,12,14,16,25,27,3,power_raw
2018-07-16,107000057,5,7,11,19,29,33,6,power_raw
2018-07-19,107000058,1,8,24,26,30,37,5,power_raw
2018-07-23,107000059,3,4,17,23,28,32,1,power_raw
2018-07-26,107000060,6,8,22,24,25,31,2,power_raw
2018-07-30,107000061,3,9,10,24,28,31,6,power_raw
2018-08-02,107000062,6,10,14,20,25,26,4,power_raw
2018-08-06,107000063,5,13,20,27,34,38,2,power_raw
2018-08-09,107000064,3,9,10,26,29,36,5,power_raw
2018-08-13,107000065,3,16,19,25,35,36,2,power_raw
2018-08-16,107000066,19,24,27,33,34,38,6,power_raw
2018-08-20,107000067,4,8,13,19,30,35,4,power_raw
2018-08-23,107000068,2,11,15,18,20,36,6,power_raw
2018-08-27,107000069,3,4,13,22,31,38,4,power_raw
2018-08-30,107000070,4,5,19,29,33,36,2,power_raw
2018-09-03,107000071,1,9,12,13,17,29,3,power_raw
2018-09-06,107000072,22,23,24,25,32,34,2,power_raw
2018-09-10,107000073,10,22,24,31,33,36,5,power_raw
2018-09-13,107000074,14,21,24,29,31,32,5,power_raw
2018-09-17,107000075,2,3,12,15,21,24,3,power_raw
2018-09-20,107000076,22,25,31,32,34,35,2,power_raw
2018-09-24,107000077,6,7,9,22,28,33,1,power_raw
2018-09-27,107000078,2,4,23,24,32,38,1,power_raw
2018-10-01,107000079,2,18,21,25,31,37,8,power_raw
2018-10-04,107000080,6,15,24,26,28,30,3,power_raw
2018-10-08,107000081,9,16,21,24,29,36,3,power_raw
2018-10-11,107000082,6,12,14,16,19,21,6,power_raw
2018-10-15,107000083,3,4,13,20,23,28,7,power_raw
2018-10-18,107000084,4,12,20,32,35,36,1,power_raw
2018-10-22,107000085,6,7,11,14,15,34,1,power_raw
2018-10-25,107000086,4,13,20,26,37,38,2,power_raw
2018-10-29,107000087,3,11,20,33,34,35,2,power_raw
2018-11-01,107000088,8,12,23,25,27,38,6,power_raw
2018-11-05,107000089,13,17,19,20,24,30,2,power_raw
2018-11-08,107000090,4,11,16,19,25,29,1,power_raw
2018-11-12,107000091,2,3,5,13,18,36,8,power_raw
2018-11-15,107000092,17,18,20,22,33,38,8,power_raw
2018-11-19,107000093,6,10,18,22,25,38,5,power_raw
2018-11-22,107000094,1,2,3,15,21,33,7,power_raw
2018-11-26,107000095,1,16,25,30,31,32,7,power_raw
2018-11-29,107000096,2,10,18,26,28,35,1,power_raw
2018-12-03,107000097,7,17,20,21,22,23,4,power_raw
2018-12-06,107000098,4,13,16,21,24,38,2,power_raw
2018-12-10,107000099,1,6,10,17,33,35,7,power_raw
2018-12-13,107000100,2,3,9,18,22,35,8,power_raw
2018-12-17,107000101,10,14,18,27,31,32,2,power_raw
2018-12-20,107000102,7,12,13,27,28,37,6,power_raw
2018-12-24,107000103,3,12,13,19,22,23,1,power_raw
2018-12-27,107000104,3,19,24,25,31,37,6,power_raw
2018-12-31,107000105,9,11,12,23,28,36,4,power_raw
2019-01-03,108000001,3,21,23,24,26,32,3,power_raw
2019-01-07,108000002,10,11,17,25,28,38,3,power_raw
2019-01-10,108000003,2,3,5,17,36,37,5,power_raw
2019-01-14,108000004,2,11,12,19,26,28,7,power_raw
2019-01-17,108000005,7,8,12,13,15,30,8,power_raw
2019-01-21,108000006,2,4,5,15,27,35,3,power_raw
2019-01-24,108000007,8,17,20,22,25,37,2,power_raw
2019-01-28,108000008,20,22,25,29,31,32,3,power_raw
2019-01-31,108000009,17,19,20,26,29,36,1,power_raw
2019-02-04,108000010,6,7,13,15,28,37,3,power_raw
2019-02-07,108000011,1,9,21,26,27,36,8,power_raw
2019-02-11,108000012,2,13,16,17,29,36,1,power_raw
2019-02-14,108000013,5,9,14,23,27,29,2,power_raw
2019-02-18,108000014,3,4,7,19,24,28,4,power_raw
2019-02-21,108000015,5,6,13,33,34,37,4,power_raw
2019-02-25,108000016,2,4,8,10,24,30,7,power_raw
2019-02-28,108000017,3,4,19,23,26,27,8,power_raw
2019-03-04,108000018,2,17,19,21,27,30,2,power_raw
2019-03-07,108000019,7,14,19,28,31,34,5,power_raw
2019-03-11,108000020,11,15,21,27,28,33,6,power_raw
2019-03-14,108000021,4,9,21,23,33,36,4,power_raw
2019-03-18,108000022,2,10,11,21,22,28,7,power_raw
2019-03-21,108000023,6,10,19,20,22,36,6,power_raw
2019-03-25,108000024,3,6,7,20,24,27,4,power_raw
2019-03-28,108000025,4,21,22,31,34,36,2,power_raw
2019-04-01,108000026,1,10,11,15,28,36,8,power_raw
2019-04-04,108000027,4,5,12,21,24,38,3,power_raw
2019-04-08,108000028,3,5,12,31,35,36,1,power_raw
2019-04-11,108000029,2,13,20,21,22,26,1,power_raw
2019-04-15,108000030,4,15,16,26,27,35,4,power_raw
2019-04-18,108000031,1,4,22,23,28,30,2,power_raw
2019-04-22,108000032,2,3,15,16,31,36,4,power_raw
2019-04-25,108000033,2,3,16,25,37,38,7,power_raw
2019-04-29,108000034,3,6,27,28,29,38,1,power_raw
2019-05-02,108000035,4,7,16,21,27,34,4,power_raw
2019-05-06,108000036,1,15,18,24,36,38,6,power_raw
2019-05-09,108000037,7,8,10,15,17,23,3,power_raw
2019-05-13,108000038,5,6,13,17,23,33,2,power_raw
2019-05-16,108000039,5,7,8,9,12,25,6,power_raw
2019-05-20,108000040,3,15,18,19,22,26,2,power_raw
2019-05-23,108000041,3,9,23,27,29,30,1,power_raw
2019-05-27,108000042,4,10,13,15,31,35,1,power_raw
2019-05-30,108000043,4,6,10,13,36,37,8,power_raw
2019-06-03,108000044,20,23,24,29,35,38,1,power_raw
2019-06-06,108000045,7,9,14,16,19,21,5,power_raw
2019-06-10,108000046,7,14,29,32,36,38,5,power_raw
2019-06-13,108000047,11,21,26,33,35,37,4,power_raw
2019-06-17,108000048,11,13,19,33,34,36,1,power_raw
2019-06-20,108000049,3,14,16,19,21,30,2,power_raw
2019-06-24,108000050,14,23,27,34,35,36,3,power_raw
2019-06-27,108000051,2,5,11,17,29,34,5,power_raw
2019-07-01,108000052,2,14,16,17,27,28,1,power_raw
2019-07-04,108000053,22,23,24,33,34,38,4,power_raw
2019-07-08,108000054,5,6,18,24,25,35,2,power_raw
2019-07-11,108000055,4,6,16,18,19,28,2,power_raw
2019-07-15,108000056,10,18,26,29,30,34,5,power_raw
2019-07-18,108000057,2,3,14,17,20,38,3,power_raw
2019-07-22,108000058,2,3,6,8,13,21,7,power_raw
2019-07-25,108000059,1,19,23,25,32,37,2,power_raw
2019-07-29,108000060,4,7,11,14,29,36,4,power_raw
2019-08-01,108000061,11,24,25,31,32,37,8,power_raw
2019-08-05,108000062,1,7,14,16,20,30,4,power_raw
2019-08-08,108000063,7,8,15,19,34,38,8,power_raw
2019-08-12,108000064,2,6,29,31,36,37,8,power_raw
2019-08-15,108000065,3,5,17,23,27,31,1,power_raw
2019-08-19,108000066,6,10,18,19,29,31,6,power_raw
2019-08-22,108000067,2,3,7,9,25,27,5,power_raw
2019-08-26,108000068,3,7,18,22,28,35,5,power_raw
2019-08-29,108000069,1,8,14,16,21,23,1,power_raw
2019-09-02,108000070,2,8,11,12,25,28,8,power_raw
2019-09-05,108000071,1,8,13,21,26,32,1,power_raw
2019-09-09,108000072,13,19,25,26,34,36,6,power_raw
2019-09-12,108000073,2,13,20,28,29,34,2,power_raw
2019-09-16,108000074,2,4,11,16,21,29,3,power_raw
2019-09-19,108000075,8,12,24,26,27,31,1,power_raw
2019-09-23,108000076,21,23,27,30,32,36,3,power_raw
2019-09-26,108000077,13,14,17,20,22,23,8,power_raw
2019-09-30,108000078,3,18,21,27,33,34,5,power_raw
2019-10-03,108000079,11,13,19,28,30,34,4,power_raw
2019-10-07,108000080,5,15,27,29,31,36,4,power_raw
2019-10-10,108000081,6,8,14,20,27,30,3,power_raw
2019-10-14,108000082,13,14,15,16,31,33,4,power_raw
2019-10-17,108000083,2,4,20,22,35,38,8,power_raw
2019-10-21,108000084,5,7,13,20,23,27,8,power_raw
2019-10-24,108000085,6,8,19,22,30,32,2,power_raw
2019-10-28,108000086,5,18,20,21,26,32,5,power_raw
2019-10-31,108000087,2,4,6,12,26,29,6,power_raw
2019-11-04,108000088,7,8,13,15,26,30,4,power_raw
2019-11-07,108000089,2,18,22,31,32,38,3,power_raw
2019-11-11,108000090,9,16,22,25,26,29,4,power_raw
2019-11-14,108000091,7,9,15,17,22,28,1,power_raw
2019-11-18,108000092,6,8,19,28,29,32,2,power_raw
2019-11-21,108000093,3,5,20,26,31,37,4,power_raw
2019-11-25,108000094,6,16,17,24,28,31,5,power_raw
2019-11-28,108000095,8,21,27,31,33,36,7,power_raw
2019-12-02,108000096,2,8,11,24,25,30,6,power_raw
2019-12-05,108000097,3,5,15,21,26,28,6,power_raw
2019-12-09,108000098,1,14,16,21,25,34,6,power_raw
2019-12-12,108000099,9,12,13,21,30,32,7,power_raw
2019-12-16,108000100,6,14,19,29,30,31,1,power_raw
2019-12-19,108000101,1,17,23,27,28,33,6,power_raw
2019-12-23,108000102,12,13,25,28,30,35,3,power_raw
2019-12-26,108000103,5,12,13,19,27,38,5,power_raw
2019-12-30,108000104,11,13,15,19,26,31,7,power_raw
2020-01-02,109000001,3,7,12,16,20,30,8,power_raw
2020-01-06,109000002,6,14,19,20,23,31,7,power_raw
2020-01-09,109000003,1,7,8,15,21,24,3,power_raw
2020-01-13,109000004,12,13,18,19,27,28,3,power_raw
2020-01-16,109000005,1,9,27,32,35,38,4,power_raw
2020-01-20,109000006,12,20,27,29,33,36,1,power_raw
2020-01-23,109000007,18,25,26,31,32,35,4,power_raw
2020-01-27,109000008,2,14,28,29,33,37,3,power_raw
2020-01-30,109000009,16,17,18,31,34,36,4,power_raw
2020-02-03,109000010,10,18,24,29,34,35,2,power_raw
2020-02-06,109000011,5,9,16,24,26,29,4,power_raw
2020-02-10,109000012,4,12,14,16,19,21,8,power_raw
2020-02-13,109000013,5,7,10,17,19,28,1,power_raw
2020-02-17,109000014,9,10,21,22,24,36,1,power_raw
2020-02-20,109000015,3,8,10,11,17,33,3,power_raw
2020-02-24,109000016,1,6,8,14,24,30,3,power_raw
2020-02-27,109000017,3,10,15,20,22,31,4,power_raw
2020-03-02,109000018,13,25,30,31,33,38,8,power_raw
2020-03-05,109000019,3,4,9,24,34,38,1,power_raw
2020-03-09,109000020,18,19,22,27,30,35,1,power_raw
2020-03-12,109000021,2,7,10,16,26,33,5,power_raw
2020-03-16,109000022,4,11,13,19,31,34,7,power_raw
2020-03-19,109000023,4,16,23,27,30,33,6,power_raw
2020-03-23,109000024,4,16,25,30,34,37,2,power_raw
2020-03-26,109000025,10,14,15,31,33,35,4,power_raw
2020-03-30,109000026,9,11,12,31,33,36,5,power_raw
2020-04-02,109000027,16,17,19,23,26,37,8,power_raw
2020-04-06,109000028,1,14,28,30,31,33,2,power_raw
2020-04-09,109000029,1,3,12,16,33,35,1,power_raw
2020-04-13,109000030,10,11,18,19,22,37,1,power_raw
2020-04-16,109000031,3,6,17,20,25,30,5,power_raw
2020-04-20,109000032,5,12,17,20,23,38,7,power_raw
2020-04-23,109000033,10,15,16,17,18,26,6,power_raw
2020-04-27,109000034,1,3,13,15,17,33,1,power_raw
2020-04-30,109000035,7,11,12,15,30,31,6,power_raw
2020-05-04,109000036,2,19,23,31,32,35,7,power_raw
2020-05-07,109000037,5,20,21,23,25,36,3,power_raw
2020-05-11,109000038,14,15,25,28,32,34,8,power_raw
2020-05-14,109000039,12,17,24,30,34,35,2,power_raw
2020-05-18,109000040,4,11,25,27,35,36,8,power_raw
2020-05-21,109000041,4,7,24,27,33,35,8,power_raw
2020-05-25,109000042,3,4,14,18,28,29,4,power_raw
2020-05-28,109000043,2,4,7,8,18,35,6,power_raw
2020-06-01,109000044,1,4,13,19,21,25,8,power_raw
2020-06-04,109000045,4,6,18,26,37,38,1,power_raw
2020-06-08,109000046,1,8,15,16,28,33,6,power_raw
2020-06-11,109000047,6,17,22,26,27,38,4,power_raw
2020-06-15,109000048,14,16,20,23,28,32,7,power_raw
2020-06-18,109000049,6,12,20,25,27,37,5,power_raw
2020-06-22,109000050,7,10,21,23,24,27,1,power_raw
2020-06-25,109000051,15,17,22,24,27,36,6,power_raw
2020-06-29,109000052,1,8,19,26,27,38,8,power_raw
2020-07-02,109000053,2,5,7,28,30,38,5,power_raw
2020-07-06,109000054,15,24,30,31,32,35,8,power_raw
2020-07-09,109000055,3,12,17,24,29,35,4,power_raw
2020-07-13,109000056,2,3,11,18,26,31,3,power_raw
2020-07-16,109000057,6,13,14,31,33,35,8,power_raw
2020-07-20,109000058,4,15,20,22,26,37,1,power_raw
2020-07-23,109000059,1,9,17,18,31,35,2,power_raw
2020-07-27,109000060,5,8,19,21,27,37,2,power_raw
2020-07-30,109000061,11,12,14,16,22,26,4,power_raw
2020-08-03,109000062,1,4,14,21,24,31,8,power_raw
2020-08-06,109000063,1,10,16,19,26,34,1,power_raw
2020-08-10,109000064,4,5,6,15,19,22,3,power_raw
2020-08-13,109000065,6,10,12,23,32,34,6,power_raw
2020-08-17,109000066,6,22,24,34,36,38,7,power_raw
2020-08-20,109000067,11,27,34,35,37,38,2,power_raw
2020-08-24,109000068,5,24,28,29,31,33,7,power_raw
2020-08-27,109000069,18,19,20,27,33,36,8,power_raw
2020-08-31,109000070,1,12,14,16,17,30,6,power_raw
2020-09-03,109000071,16,18,22,24,25,30,1,power_raw
2020-09-07,109000072,9,15,22,31,33,38,2,power_raw
2020-09-10,109000073,2,16,20,25,35,38,5,power_raw
2020-09-14,109000074,6,22,26,33,37,38,2,power_raw
2020-09-17,109000075,9,26,27,28,32,37,2,power_raw
2020-09-21,109000076,8,9,15,19,21,34,5,power_raw
2020-09-24,109000077,6,13,14,27,32,33,7,power_raw
2020-09-28,109000078,8,9,11,18,26,37,2,power_raw
2020-10-01,109000079,11,13,15,19,25,33,1,power_raw
2020-10-05,109000080,1,14,19,26,32,35,2,power_raw
2020-10-08,109000081,3,4,5,6,13,14,5,power_raw
2020-10-12,109000082,3,15,16,20,24,25,4,power_raw
2020-10-15,109000083,1,2,4,6,21,38,7,power_raw
2020-10-19,109000084,5,7,10,19,30,38,7,power_raw
2020-10-22,109000085,8,15,21,24,26,30,7,power_raw
2020-10-26,109000086,11,20,24,26,36,37,1,power_raw
2020-10-29,109000087,3,7,12,21,30,32,2,power_raw
2020-11-02,109000088,4,12,15,32,37,38,4,power_raw
2020-11-05,109000089,1,2,12,24,29,37,4,power_raw
2020-11-09,109000090,6,10,29,31,34,36,5,power_raw
2020-11-12,109000091,4,15,24,29,33,37,1,power_raw
2020-11-16,109000092,1,20,24,26,31,32,3,power_raw
2020-11-19,109000093,9,14,18,22,29,35,6,power_raw
2020-11-23,109000094,11,13,16,24,26,35,6,power_raw
2020-11-26,109000095,1,9,14,28,29,36,6,power_raw
2020-11-30,109000096,2,4,14,15,17,21,5,power_raw
2020-12-03,109000097,5,7,29,33,34,35,8,power_raw
2020-12-07,109000098,3,6,12,15,28,35,8,power_raw
2020-12-10,109000099,15,21,29,30,32,34,8,power_raw
2020-12-14,109000100,4,6,17,23,30,35,3,power_raw
2020-12-17,109000101,2,6,11,16,25,38,4,power_raw
2020-12-21,109000102,2,6,12,22,32,33,2,power_raw
2020-12-24,109000103,3,8,23,25,35,36,3,power_raw
2020-12-28,109000104,12,15,18,22,31,38,5,power_raw
2020-12-31,109000105,2,9,13,20,25,27,7,power_raw
2021-01-04,110000001,7,14,20,31,34,38,3,power_raw
2021-01-07,110000002,4,9,12,20,32,35,3,power_raw
2021-01-11,110000003,6,14,15,18,19,33,5,power_raw
2021-01-14,110000004,1,20,21,29,30,36,5,power_raw
2021-01-18,110000005,2,3,17,18,20,31,8,power_raw
2021-01-21,110000006,5,7,16,28,32,38,4,power_raw
2021-01-25,110000007,4,11,13,22,29,31,1,power_raw
2021-01-28,110000008,1,9,19,30,34,36,8,power_raw
2021-02-01,110000009,1,13,17,34,36,38,2,power_raw
2021-02-04,110000010,7,8,9,14,22,29,2,power_raw
2021-02-08,110000011,3,6,7,11,32,37,7,power_raw
2021-02-11,110000012,3,9,11,13,14,32,8,power_raw
2021-02-15,110000013,2,12,13,16,22,32,7,power_raw
2021-02-18,110000014,4,21,24,26,34,35,8,power_raw
2021-02-22,110000015,7,13,14,17,21,27,6,power_raw
2021-02-25,110000016,3,4,6,16,32,34,3,power_raw
2021-03-01,110000017,5,9,10,21,32,38,7,power_raw
2021-03-04,110000018,2,11,18,30,31,32,6,power_raw
2021-03-08,110000019,3,9,19,23,25,31,1,power_raw
2021-03-11,110000020,7,17,21,27,30,31,5,power_raw
2021-03-15,110000021,3,7,14,19,26,33,2,power_raw
2021-03-18,110000022,2,14,17,18,19,28,4,power_raw
2021-03-22,110000023,7,14,27,31,33,36,2,power_raw
2021-03-25,110000024,4,5,12,17,29,32,7,power_raw
2021-03-29,110000025,2,11,18,23,26,37,2,power_raw
2021-04-01,110000026,5,11,16,17,22,26,4,power_raw
2021-04-05,110000027,2,4,5,11,24,32,1,power_raw
2021-04-08,110000028,5,6,11,14,34,37,2,power_raw
2021-04-12,110000029,15,16,19,21,24,27,2,power_raw
2021-04-15,110000030,13,16,27,30,31,36,3,power_raw
2021-04-19,110000031,2,8,18,22,26,32,1,power_raw
2021-04-22,110000032,1,4,6,24,27,37,4,power_raw
2021-04-26,110000033,1,12,24,25,31,34,6,power_raw
2021-04-29,110000034,5,13,16,18,29,34,4,power_raw
2021-05-03,110000035,8,16,21,26,31,37,7,power_raw
2021-05-06,110000036,6,9,11,23,26,35,8,power_raw
2021-05-10,110000037,3,14,22,25,28,30,8,power_raw
2021-05-13,110000038,5,6,7,13,19,28,4,power_raw
2021-05-17,110000039,1,4,7,12,25,26,6,power_raw
2021-05-20,110000040,3,14,15,22,25,36,4,power_raw
2021-05-24,110000041,5,11,14,19,33,38,2,power_raw
2021-05-27,110000042,4,7,11,23,24,34,6,power_raw
2021-05-31,110000043,2,5,7,10,16,36,1,power_raw
2021-06-03,110000044,7,13,20,25,32,37,7,power_raw
2021-06-07,110000045,5,7,10,23,28,30,7,power_raw
2021-06-10,110000046,2,18,20,28,31,32,5,power_raw
2021-06-14,110000047,6,8,16,27,28,38,4,power_raw
2021-06-17,110000048,4,14,18,32,35,38,1,power_raw
2021-06-21,110000049,2,8,10,24,37,38,2,power_raw
2021-06-24,110000050,7,11,15,23,31,34,1,power_raw
2021-06-28,110000051,2,6,13,16,26,28,3,power_raw
2021-07-01,110000052,8,16,19,29,34,35,3,power_raw
2021-07-05,110000053,4,10,11,17,18,24,1,power_raw
2021-07-08,110000054,1,4,13,14,31,38,3,power_raw
2021-07-12,110000055,7,15,21,22,29,36,5,power_raw
2021-07-15,110000056,19,20,27,29,31,37,1,power_raw
2021-07-19,110000057,1,7,9,11,12,15,6,power_raw
2021-07-22,110000058,4,5,10,19,29,31,1,power_raw
2021-07-26,110000059,12,19,20,26,27,34,8,power_raw
2021-07-29,110000060,10,14,22,23,32,35,3,power_raw
2021-08-02,110000061,10,11,23,25,30,37,5,power_raw
2021-08-05,110000062,1,3,4,7,26,28,8,power_raw
2021-08-09,110000063,6,10,23,29,35,38,1,power_raw
2021-08-12,110000064,10,22,28,32,34,36,1,power_raw
2021-08-16,110000065,2,14,16,24,27,29,7,power_raw
2021-08-19,110000066,3,10,13,29,37,38,2,power_raw
2021-08-23,110000067,8,9,19,23,24,35,1,power_raw
2021-08-26,110000068,18,22,25,27,31,35,1,power_raw
2021-08-30,110000069,3,6,11,14,17,30,8,power_raw
2021-09-02,110000070,9,12,13,19,27,38,6,power_raw
2021-09-06,110000071,2,6,12,15,26,28,8,power_raw
2021-09-09,110000072,1,2,5,26,29,33,4,power_raw
2021-09-13,110000073,2,3,14,33,37,38,2,power_raw
2021-09-16,110000074,8,14,16,22,29,38,3,power_raw
2021-09-20,110000075,4,13,20,24,26,31,2,power_raw
2021-09-23,110000076,2,20,21,35,36,37,3,power_raw
2021-09-27,110000077,1,14,16,20,28,33,1,power_raw
2021-09-30,110000078,2,10,16,21,27,28,7,power_raw
2021-10-04,110000079,3,5,8,10,14,34,6,power_raw
2021-10-07,110000080,5,7,12,13,15,31,2,power_raw
2021-10-11,110000081,5,12,15,24,33,38,2,power_raw
2021-10-14,110000082,1,16,20,22,31,33,8,power_raw
2021-10-18,110000083,1,2,5,13,24,33,3,power_raw
2021-10-21,110000084,11,12,14,22,33,35,2,power_raw
2021-10-25,110000085,6,10,13,16,29,33,3,power_raw
2021-10-28,110000086,3,10,14,18,27,32,7,power_raw
2021-11-01,110000087,10,16,19,22,32,37,6,power_raw
2021-11-04,110000088,5,9,11,35,37,38,4,power_raw
2021-11-08,110000089,6,8,18,22,30,33,4,power_raw
2021-11-11,110000090,1,2,8,12,33,37,2,power_raw
2021-11-15,110000091,6,9,19,21,29,32,8,power_raw
2021-11-18,110000092,13,21,27,30,33,38,6,power_raw
2021-11-22,110000093,9,13,17,18,19,21,4,power_raw
2021-11-25,110000094,3,6,13,15,18,19,4,power_raw
2021-11-29,110000095,20,21,22,25,30,35,4,power_raw
2021-12-02,110000096,4,8,16,17,25,35,8,power_raw
2021-12-06,110000097,1,2,15,22,23,36,3,power_raw
2021-12-09,110000098,3,5,9,19,26,36,1,power_raw
2021-12-13,110000099,3,10,14,18,28,38,8,power_raw
2021-12-16,110000100,2,3,10,12,15,21,6,power_raw
2021-12-20,110000101,4,6,29,32,34,36,2,power_raw
2021-12-23,110000102,6,8,14,22,26,34,3,power_raw
2021-12-27,110000103,3,15,24,25,33,34,6,power_raw
2021-12-30,110000104,7,18,19,25,28,38,4,power_raw
2022-01-03,111000001,8,14,18,27,30,35,1,power_raw
2022-01-06,111000002,3,5,8,12,30,31,2,power_raw
2022-01-10,111000003,1,6,14,15,28,34,6,power_raw
2022-01-13,111000004,1,8,17,18,26,31,7,power_raw
2022-01-17,111000005,13,15,21,22,23,28,4,power_raw
2022-01-20,111000006,2,5,9,23,29,38,2,power_raw
2022-01-24,111000007,6,11,14,28,31,37,7,power_raw
2022-01-27,111000008,12,16,19,24,25,38,8,power_raw
2022-01-31,111000009,3,7,18,21,23,37,6,power_raw
2022-02-03,111000010,11,13,19,22,27,28,3,power_raw
2022-02-07,111000011,9,13,21,27,35,38,2,power_raw
2022-02-10,111000012,6,10,22,23,30,34,1,power_raw
2022-02-14,111000013,4,8,19,29,30,36,4,power_raw
2022-02-17,111000014,8,19,21,27,28,37,2,power_raw
2022-02-21,111000015,5,13,16,28,36,37,1,power_raw
2022-02-24,111000016,1,4,18,24,25,32,5,power_raw
2022-02-28,111000017,7,14,27,28,30,32,6,power_raw
2022-03-03,111000018,16,18,21,22,23,30,4,power_raw
2022-03-07,111000019,3,12,19,26,28,31,2,power_raw
2022-03-10,111000020,5,21,25,27,30,35,4,power_raw
2022-03-14,111000021,4,8,12,14,15,17,3,power_raw
2022-03-17,111000022,6,8,12,21,29,32,3,power_raw
2022-03-21,111000023,1,10,11,20,23,24,4,power_raw
2022-03-24,111000024,8,12,15,20,29,34,4,power_raw
2022-03-28,111000025,3,4,12,21,25,30,7,power_raw
2022-03-31,111000026,8,11,29,31,36,38,7,power_raw
2022-04-04,111000027,10,13,19,25,26,38,2,power_raw
2022-04-07,111000028,1,15,21,31,37,38,5,power_raw
2022-04-11,111000029,1,4,5,26,35,38,4,power_raw
2022-04-14,111000030,9,12,27,28,31,33,2,power_raw
2022-04-18,111000031,1,5,8,9,22,38,3,power_raw
2022-04-21,111000032,1,18,28,31,33,35,3,power_raw
2022-04-25,111000033,2,3,25,26,36,38,1,power_raw
2022-04-28,111000034,3,12,22,23,29,36,6,power_raw
2022-05-02,111000035,3,12,20,25,28,35,2,power_raw
2022-05-05,111000036,6,10,19,23,34,38,3,power_raw
2022-05-09,111000037,3,12,16,17,21,34,6,power_raw
2022-05-12,111000038,1,2,13,21,26,34,6,power_raw
2022-05-16,111000039,3,5,15,17,29,31,6,power_raw
2022-05-19,111000040,17,19,20,26,27,38,5,power_raw
2022-05-23,111000041,14,15,17,24,27,31,2,power_raw
2022-05-26,111000042,9,13,17,25,32,35,1,power_raw
2022-05-30,111000043,1,2,8,27,32,33,5,power_raw
2022-06-02,111000044,2,14,16,34,36,37,8,power_raw
2022-06-06,111000045,4,12,13,27,29,32,7,power_raw
2022-06-09,111000046,3,6,11,12,22,28,5,power_raw
2022-06-13,111000047,12,17,24,31,35,36,3,power_raw
2022-06-16,111000048,7,16,17,22,25,32,7,power_raw
2022-06-20,111000049,3,4,11,17,19,26,5,power_raw
2022-06-23,111000050,1,2,17,32,33,35,4,power_raw
2022-06-27,111000051,4,8,21,29,30,32,6,power_raw
2022-06-30,111000052,1,7,12,17,19,31,7,power_raw
2022-07-04,111000053,2,5,8,10,20,25,7,power_raw
2022-07-07,111000054,1,3,7,20,28,37,1,power_raw
2022-07-11,111000055,5,11,17,19,23,37,7,power_raw
2022-07-14,111000056,1,6,7,8,10,30,7,power_raw
2022-07-18,111000057,7,10,15,17,30,33,8,power_raw
2022-07-21,111000058,6,11,15,23,27,37,6,power_raw
2022-07-25,111000059,8,9,14,17,25,29,1,power_raw
2022-07-28,111000060,13,15,17,20,31,35,5,power_raw
2022-08-01,111000061,5,7,10,21,25,31,2,power_raw
2022-08-04,111000062,11,20,24,29,33,35,6,power_raw
2022-08-08,111000063,2,8,12,17,32,36,3,power_raw
2022-08-11,111000064,5,14,16,33,35,38,4,power_raw
2022-08-15,111000065,7,10,12,16,18,28,1,power_raw
2022-08-18,111000066,4,5,16,28,29,35,4,power_raw
2022-08-22,111000067,2,4,9,19,22,30,2,power_raw
2022-08-25,111000068,8,11,13,27,28,38,5,power_raw
2022-08-29,111000069,4,10,12,21,27,29,4,power_raw
2022-09-01,111000070,3,9,16,21,23,24,3,power_raw
2022-09-05,111000071,7,17,21,25,31,38,3,power_raw
2022-09-08,111000072,2,6,18,21,30,38,4,power_raw
2022-09-12,111000073,2,4,14,16,23,29,4,power_raw
2022-09-15,111000074,2,9,28,29,31,36,1,power_raw
2022-09-19,111000075,7,13,25,27,31,38,3,power_raw
2022-09-22,111000076,16,19,26,30,31,36,2,power_raw
2022-09-26,111000077,3,10,14,16,17,20,5,power_raw
2022-09-29,111000078,1,10,17,22,27,35,1,power_raw
2022-10-03,111000079,1,7,17,18,23,28,5,power_raw
2022-10-06,111000080,10,15,21,23,26,36,4,power_raw
2022-10-10,111000081,6,13,21,24,27,33,1,power_raw
2022-10-13,111000082,1,9,17,19,21,24,5,power_raw
2022-10-17,111000083,1,13,18,27,32,33,6,power_raw
2022-10-20,111000084,2,6,9,10,24,33,2,power_raw
2022-10-24,111000085,7,9,15,27,29,30,4,power_raw
2022-10-27,111000086,12,16,20,22,29,36,5,power_raw
2022-10-31,111000087,2,10,20,25,29,36,6,power_raw
2022-11-03,111000088,1,6,11,16,29,35,1,power_raw
2022-11-07,111000089,7,9,10,17,18,22,8,power_raw
2022-11-10,111000090,9,12,19,31,32,35,8,power_raw
2022-11-14,111000091,10,15,17,21,29,30,5,power_raw
2022-11-17,111000092,3,12,20,28,32,34,8,power_raw
2022-11-21,111000093,15,19,23,25,26,35,2,power_raw
2022-11-24,111000094,8,10,11,23,32,37,6,power_raw
2022-11-28,111000095,4,7,9,13,19,36,7,power_raw
2022-12-01,111000096,5,6,12,15,17,20,8,power_raw
2022-12-05,111000097,14,16,22,26,30,35,2,power_raw
2022-12-08,111000098,8,12,14,15,21,25,4,power_raw
2022-12-12,111000099,6,12,20,24,25,26,4,power_raw
2022-12-15,111000100,7,16,21,23,29,34,3,power_raw
2022-12-19,111000101,1,3,7,11,13,20,5,power_raw
2022-12-22,111000102,13,19,23,33,36,37,4,power_raw
2022-12-26,111000103,4,9,14,21,29,31,6,power_raw
2022-12-29,111000104,2,19,21,28,29,35,4,power_raw
2023-01-02,112000001,3,4,5,27,28,35,8,power_raw
2023-01-05,112000002,4,11,15,18,25,36,5,power_raw
2023-01-09,112000003,9,10,17,24,31,37,3,power_raw
2023-01-12,112000004,4,8,20,22,34,36,3,power_raw
2023-01-16,112000005,3,11,13,17,23,38,8,power_raw
2023-01-19,112000006,3,10,14,15,25,33,8,power_raw
2023-01-23,112000007,7,15,17,23,33,38,1,power_raw
2023-01-26,112000008,3,11,22,23,28,36,7,power_raw
2023-01-30,112000009,10,11,23,27,28,34,3,power_raw
2023-02-02,112000010,9,14,15,20,35,38,5,power_raw
2023-02-06,112000011,4,6,9,11,23,26,5,power_raw
2023-02-09,112000012,1,2,24,27,33,37,2,power_raw
2023-02-13,112000013,8,10,15,18,23,28,5,power_raw
2023-02-16,112000014,5,6,18,25,32,38,1,power_raw
2023-02-20,112000015,2,8,16,22,24,27,8,power_raw
2023-02-23,112000016,10,19,26,30,33,34,4,power_raw
2023-02-27,112000017,1,3,6,10,17,20,8,power_raw
2023-03-02,112000018,3,12,18,26,27,34,4,power_raw
2023-03-06,112000019,2,13,17,20,25,28,6,power_raw
2023-03-09,112000020,17,25,29,35,37,38,7,power_raw
2023-03-13,112000021,10,11,16,21,30,34,3,power_raw
2023-03-16,112000022,3,6,16,21,22,23,1,power_raw
2023-03-20,112000023,6,9,20,29,36,38,3,power_raw
2023-03-23,112000024,2,10,11,12,33,36,6,power_raw
2023-03-27,112000025,9,12,18,22,28,30,5,power_raw
2023-03-30,112000026,1,12,17,26,33,38,5,power_raw
2023-04-03,112000027,17,19,22,26,34,35,5,power_raw
2023-04-06,112000028,5,8,15,21,24,26,5,power_raw
2023-04-10,112000029,4,6,19,23,29,34,7,power_raw
2023-04-13,112000030,4,12,24,26,28,34,7,power_raw
2023-04-17,112000031,9,15,25,29,30,36,8,power_raw
2023-04-20,112000032,3,15,19,32,37,38,3,power_raw
2023-04-24,112000033,2,13,14,17,20,28,7,power_raw
2023-04-27,112000034,7,15,25,33,36,38,7,power_raw
2023-05-01,112000035,1,7,14,25,29,32,3,power_raw
2023-05-04,112000036,2,5,15,22,33,36,5,power_raw
2023-05-08,112000037,3,5,16,17,26,29,2,power_raw
2023-05-11,112000038,7,11,13,23,25,34,3,power_raw
2023-05-15,112000039,2,3,4,7,20,29,1,power_raw
2023-05-18,112000040,7,12,14,24,26,31,4,power_raw
2023-05-22,112000041,15,18,19,30,31,38,2,power_raw
2023-05-25,112000042,6,9,12,19,20,38,2,power_raw
2023-05-29,112000043,1,2,9,18,24,25,3,power_raw
2023-06-01,112000044,10,18,25,29,36,37,2,power_raw
2023-06-05,112000045,4,11,28,32,34,35,1,power_raw
2023-06-08,112000046,3,8,12,18,35,38,3,power_raw
2023-06-12,112000047,1,2,16,18,35,38,1,power_raw
2023-06-15,112000048,2,24,25,26,34,36,8,power_raw
2023-06-19,112000049,4,8,12,20,27,36,1,power_raw
2023-06-22,112000050,1,4,7,17,24,28,8,power_raw
2023-06-26,112000051,1,15,16,17,24,35,6,power_raw
2023-06-29,112000052,1,8,26,27,29,36,2,power_raw
2023-07-03,112000053,5,7,10,21,25,29,4,power_raw
2023-07-06,112000054,7,21,25,26,30,36,4,power_raw
2023-07-10,112000055,14,17,18,21,32,35,2,power_raw
2023-07-13,112000056,1,18,19,20,23,29,6,power_raw
2023-07-17,112000057,3,16,19,24,25,37,8,power_raw
2023-07-20,112000058,5,10,17,27,34,35,5,power_raw
2023-07-24,112000059,5,8,17,30,32,38,4,power_raw
2023-07-27,112000060,6,7,16,25,32,33,2,power_raw
2023-07-31,112000061,23,24,26,33,35,37,1,power_raw
2023-08-03,112000062,17,18,21,25,27,33,4,power_raw
2023-08-07,112000063,3,27,29,31,33,37,2,power_raw
2023-08-10,112000064,3,11,21,29,30,38,3,power_raw
2023-08-14,112000065,2,3,4,10,17,26,2,power_raw
2023-08-17,112000066,4,18,21,23,28,37,6,power_raw
2023-08-21,112000067,1,12,14,19,33,34,4,power_raw
2023-08-24,112000068,3,10,17,21,23,38,3,power_raw
2023-08-28,112000069,3,6,8,15,24,38,5,power_raw
2023-08-31,112000070,4,22,23,27,30,34,7,power_raw
2023-09-04,112000071,1,3,12,24,27,30,8,power_raw
2023-09-07,112000072,11,15,18,20,22,33,7,power_raw
2023-09-11,112000073,11,12,20,27,28,31,1,power_raw
2023-09-14,112000074,2,14,24,26,28,29,7,power_raw
2023-09-18,112000075,1,4,11,14,21,22,1,power_raw
2023-09-21,112000076,3,7,12,13,28,34,5,power_raw
2023-09-25,112000077,20,25,26,30,32,35,3,power_raw
2023-09-28,112000078,9,16,17,25,29,33,7,power_raw
2023-10-02,112000079,3,7,13,25,28,32,3,power_raw
2023-10-05,112000080,4,15,20,25,29,30,2,power_raw
2023-10-09,112000081,6,7,8,17,20,22,8,power_raw
2023-10-12,112000082,8,14,20,23,27,35,8,power_raw
2023-10-16,112000083,5,7,20,25,31,32,8,power_raw
2023-10-19,112000084,4,7,19,22,26,28,1,power_raw
2023-10-23,112000085,6,10,11,30,32,35,8,power_raw
2023-10-26,112000086,27,28,30,31,36,38,8,power_raw
2023-10-30,112000087,3,7,10,11,30,33,6,power_raw
2023-11-02,112000088,9,15,20,28,36,37,7,power_raw
2023-11-06,112000089,11,15,22,30,33,38,5,power_raw
2023-11-09,112000090,3,5,8,23,24,26,5,power_raw
2023-11-13,112000091,1,12,16,23,25,28,7,power_raw
2023-11-16,112000092,1,4,7,28,35,37,2,power_raw
2023-11-20,112000093,7,11,13,15,30,38,7,power_raw
2023-11-23,112000094,6,8,13,22,25,37,7,power_raw
2023-11-27,112000095,2,11,23,24,25,29,1,power_raw
2023-11-30,112000096,2,13,21,28,33,35,2,power_raw
2023-12-04,112000097,2,9,14,20,22,31,5,power_raw
2023-12-07,112000098,4,9,16,17,18,33,1,power_raw
2023-12-11,112000099,9,19,21,23,26,32,5,power_raw
2023-12-14,112000100,4,16,17,19,32,35,5,power_raw
2023-12-18,112000101,5,18,20,24,31,36,2,power_raw
2023-12-21,112000102,3,10,13,34,37,38,4,power_raw
2023-12-25,112000103,5,7,16,19,20,32,2,power_raw
2023-12-28,112000104,7,8,18,20,23,31,8,power_raw
2024-01-01,113000001,11,16,17,18,28,35,4,power_raw
2024-01-04,113000002,2,3,6,12,24,28,5,power_raw
2024-01-08,113000003,1,3,16,20,29,33,1,power_raw
2024-01-11,113000004,4,10,16,17,22,34,5,power_raw
2024-01-15,113000005,10,15,21,27,29,35,8,power_raw
2024-01-18,113000006,2,4,6,14,31,34,3,power_raw
2024-01-22,113000007,9,12,14,17,27,31,6,power_raw
2024-01-25,113000008,3,10,11,17,26,29,1,power_raw
2024-01-29,113000009,6,15,22,25,32,36,3,power_raw
2024-02-01,113000010,4,13,21,23,25,29,7,power_raw
2024-02-05,113000011,1,16,18,21,30,38,6,power_raw
2024-02-08,113000012,10,15,20,24,25,34,2,power_raw
2024-02-12,113000013,2,18,21,28,30,35,8,power_raw
2024-02-15,113000014,2,7,17,22,32,33,4,power_raw
2024-02-19,113000015,5,6,18,26,33,38,5,power_raw
2024-02-22,113000016,4,13,14,17,24,25,4,power_raw
2024-02-26,113000017,4,7,11,12,35,37,8,power_raw
2024-02-29,113000018,1,2,11,17,24,29,4,power_raw
2024-03-04,113000019,3,5,10,24,37,38,7,power_raw
2024-03-07,113000020,3,11,13,17,20,27,2,power_raw
2024-03-11,113000021,5,11,14,26,30,33,3,power_raw
2024-03-14,113000022,2,11,12,15,21,30,6,power_raw
2024-03-18,113000023,2,10,11,19,23,35,1,power_raw
2024-03-21,113000024,1,8,16,17,26,38,7,power_raw
2024-03-25,113000025,2,15,16,23,24,38,5,power_raw
2024-03-28,113000026,2,9,15,19,24,31,4,power_raw
2024-04-01,113000027,3,9,27,35,36,37,2,power_raw
2024-04-04,113000028,3,14,17,22,24,33,1,power_raw
2024-04-08,113000029,5,6,8,11,18,23,5,power_raw
2024-04-11,113000030,11,12,14,25,30,36,3,power_raw
2024-04-15,113000031,6,7,8,14,27,36,7,power_raw
2024-04-18,113000032,2,16,18,21,34,37,5,power_raw
2024-04-22,113000033,2,14,19,22,31,35,1,power_raw
2024-04-25,113000034,3,20,31,34,36,37,7,power_raw
2024-04-29,113000035,8,19,25,30,31,35,7,power_raw
2024-05-02,113000036,13,17,24,26,33,35,6,power_raw
2024-05-06,113000037,4,13,25,30,31,34,7,power_raw
2024-05-09,113000038,10,14,22,29,35,37,7,power_raw
2024-05-13,113000039,15,20,23,26,33,35,7,power_raw
2024-05-16,113000040,1,2,10,13,18,30,1,power_raw
2024-05-20,113000041,1,5,7,19,32,33,3,power_raw
2024-05-23,113000042,4,8,14,21,25,37,3,power_raw
2024-05-27,113000043,1,4,20,26,29,33,4,power_raw
2024-05-30,113000044,6,7,16,21,27,31,6,power_raw
2024-06-03,113000045,3,4,11,22,35,36,3,power_raw
2024-06-06,113000046,5,13,17,25,33,38,1,power_raw
2024-06-10,113000047,5,11,15,26,28,29,7,power_raw
2024-06-13,113000048,2,5,15,18,32,35,3,power_raw
2024-06-17,113000049,5,22,28,29,30,31,8,power_raw
2024-06-20,113000050,10,11,24,27,30,36,7,power_raw
2024-06-24,113000051,7,13,16,22,25,26,8,power_raw
2024-06-27,113000052,2,11,14,15,17,29,1,power_raw
2024-07-01,113000053,2,3,12,17,30,33,5,power_raw
2024-07-04,113000054,21,23,24,25,30,38,1,power_raw
2024-07-08,113000055,10,11,13,30,32,37,5,power_raw
2024-07-11,113000056,9,10,12,15,29,36,4,power_raw
2024-07-15,113000057,1,4,11,19,25,33,2,power_raw
2024-07-18,113000058,8,12,19,23,28,31,5,power_raw
2024-07-22,113000059,11,14,17,31,32,38,8,power_raw
2024-07-25,113000060,4,11,23,27,32,38,7,power_raw
2024-07-29,113000061,3,6,11,27,28,30,1,power_raw
2024-08-01,113000062,3,13,25,26,31,34,5,power_raw
2024-08-05,113000063,2,7,14,15,29,35,3,power_raw
2024-08-08,113000064,2,3,21,29,34,37,8,power_raw
2024-08-12,113000065,2,9,10,17,20,30,4,power_raw
2024-08-15,113000066,4,6,14,16,20,24,2,power_raw
2024-08-19,113000067,6,10,17,21,22,29,6,power_raw
2024-08-22,113000068,5,15,19,20,31,34,2,power_raw
2024-08-26,113000069,15,18,25,26,29,30,1,power_raw
2024-08-29,113000070,9,24,25,31,32,38,3,power_raw
2024-09-02,113000071,9,16,24,27,31,37,4,power_raw
2024-09-05,113000072,10,14,16,25,28,38,4,power_raw
2024-09-09,113000073,7,21,22,27,31,36,7,power_raw
2024-09-12,113000074,10,12,21,27,33,38,8,power_raw
2024-09-16,113000075,8,14,17,23,25,26,4,power_raw
2024-09-19,113000076,3,8,16,24,26,30,4,power_raw
2024-09-23,113000077,4,13,14,23,24,29,8,power_raw
2024-09-26,113000078,3,6,9,11,18,29,3,power_raw
2024-09-30,113000079,3,9,13,14,17,33,5,power_raw
2024-10-03,113000080,11,17,18,19,30,36,8,power_raw
2024-10-07,113000081,9,21,22,27,29,36,5,power_raw
2024-10-10,113000082,2,8,14,20,23,37,8,power_raw
2024-10-14,113000083,6,10,22,23,25,27,8,power_raw
2024-10-17,113000084,2,3,5,10,25,30,6,power_raw
2024-10-21,113000085,4,6,13,19,23,38,7,power_raw
2024-10-24,113000086,8,10,20,28,29,33,2,power_raw
2024-10-28,113000087,9,11,23,33,35,37,2,power_raw
2024-10-31,113000088,4,8,12,14,17,37,4,power_raw
2024-11-04,113000089,1,7,14,20,22,23,1,power_raw
2024-11-07,113000090,5,21,26,28,34,38,6,power_raw
2024-11-11,113000091,3,8,9,17,28,33,2,power_raw
2024-11-14,113000092,6,15,22,23,31,37,5,power_raw
2024-11-18,113000093,8,9,13,21,36,38,8,power_raw
2024-11-21,113000094,8,12,13,16,18,27,6,power_raw
2024-11-25,113000095,7,14,19,25,33,37,3,power_raw
2024-11-28,113000096,20,25,32,33,34,36,7,power_raw
2024-12-02,113000097,8,21,22,36,37,38,5,power_raw
2024-12-05,113000098,10,14,19,30,33,38,3,power_raw
2024-12-09,113000099,13,18,26,30,31,36,5,power_raw
2024-12-12,113000100,11,14,17,23,25,30,8,power_raw
2024-12-16,113000101,3,19,27,30,36,37,7,power_raw
2024-12-19,113000102,6,8,9,18,23,38,5,power_raw
2024-12-23,113000103,15,16,18,25,34,37,4,power_raw
2024-12-26,113000104,13,15,18,28,35,37,4,power_raw
2024-12-30,113000105,6,8,12,16,23,31,1,power_raw
2025-01-02,114000001,4,12,13,22,27,32,5,power_raw
2025-01-06,114000002,4,14,17,29,31,38,7,power_raw
2025-01-09,114000003,1,4,15,16,31,34,4,power_raw
2025-01-13,114000004,3,13,22,26,28,33,2,power_raw
2025-01-16,114000005,10,16,19,21,31,37,3,power_raw
2025-01-20,114000006,8,11,13,27,29,37,2,power_raw
2025-01-23,114000007,7,10,13,22,25,29,2,power_raw
2025-01-27,114000008,2,10,15,18,25,35,8,power_raw
2025-01-30,114000009,3,17,20,21,24,37,6,power_raw
2025-02-03,114000010,4,7,15,31,33,36,6,power_raw
2025-02-06,114000011,6,18,21,32,33,37,1,power_raw
2025-02-10,114000012,6,7,8,13,14,24,4,power_raw
2025-02-13,114000013,2,3,11,18,30,36,7,power_raw
2025-02-17,114000014,1,17,21,23,31,34,1,power_raw
2025-02-20,114000015,5,6,15,19,32,37,8,power_raw
2025-02-24,114000016,7,15,16,23,24,35,2,power_raw
2025-02-27,114000017,1,7,8,24,26,34,2,power_raw
2025-03-03,114000018,12,15,20,23,26,32,5,power_raw
2025-03-06,114000019,5,9,15,17,18,29,4,power_raw
2025-03-10,114000020,13,16,17,20,27,31,2,power_raw
2025-03-13,114000021,3,4,13,16,24,25,7,power_raw
2025-03-17,114000022,1,2,3,12,18,28,4,power_raw
2025-03-20,114000023,1,3,12,18,31,38,8,power_raw
2025-03-24,114000024,3,17,22,24,25,33,3,power_raw
2025-03-27,114000025,7,8,21,26,32,35,2,power_raw
2025-03-31,114000026,2,6,7,9,12,20,4,power_raw
2025-04-03,114000027,2,9,15,21,29,36,7,power_raw
2025-04-07,114000028,13,21,24,25,31,36,4,power_raw
2025-04-10,114000029,9,16,20,23,29,34,4,power_raw
2025-04-14,114000030,1,5,9,20,29,38,2,power_raw
2025-04-17,114000031,1,2,3,5,17,27,8,power_raw
2025-04-21,114000032,5,9,20,29,35,36,8,power_raw
2025-04-24,114000033,7,17,25,29,36,37,5,power_raw
2025-04-28,114000034,2,14,17,19,29,32,5,power_raw
2025-05-01,114000035,14,19,20,25,27,30,4,power_raw
2025-05-05,114000036,7,8,9,11,19,35,4,power_raw
2025-05-08,114000037,5,8,9,17,31,37,1,power_raw
2025-05-12,114000038,2,8,26,34,35,38,4,power_raw
2025-05-15,114000039,1,2,8,21,23,26,1,power_raw
2025-05-19,114000040,10,15,22,27,29,37,3,power_raw
2025-05-22,114000041,6,12,21,25,34,38,3,power_raw
2025-05-26,114000042,13,14,17,23,24,37,6,power_raw
2025-05-29,114000043,5,6,9,20,22,35,7,power_raw
2025-06-02,114000044,1,5,16,18,21,31,2,power_raw
2025-06-05,114000045,12,16,20,22,34,35,5,power_raw
2025-06-09,114000046,3,7,9,19,24,31,2,power_raw
2025-06-12,114000047,5,12,13,15,26,38,5,power_raw
2025-06-16,114000048,4,11,12,18,21,26,3,power_raw
2025-06-19,114000049,1,7,20,21,36,38,6,power_raw
2025-06-23,114000050,6,11,20,31,32,33,6,power_raw
2025-06-26,114000051,1,7,15,23,26,38,4,power_raw
2025-06-30,114000052,1,3,9,15,22,27,5,power_raw
2025-07-03,114000053,11,14,20,27,30,38,6,power_raw
2025-07-07,114000054,7,9,14,23,37,38,3,power_raw
2025-07-10,114000055,1,2,7,14,28,31,2,power_raw
2025-07-14,114000056,3,6,19,22,37,38,4,power_raw
2025-07-17,114000057,1,4,6,21,25,28,2,power_raw
2025-07-21,114000058,10,18,20,24,36,38,4,power_raw
2025-07-24,114000059,3,4,7,10,33,38,5,power_raw
2025-07-28,114000060,12,16,18,22,24,36,5,power_raw
2025-07-31,114000061,4,9,18,20,29,31,3,power_raw
2025-08-04,114000062,15,16,22,27,30,32,1,power_raw
2025-08-07,114000063,2,4,7,8,18,25,7,power_raw
2025-08-11,114000064,3,5,9,16,18,19,2,power_raw
2025-08-14,114000065,1,11,14,17,19,36,3,power_raw
2025-08-18,114000066,2,5,8,17,20,26,6,power_raw
2025-08-21,114000067,2,4,11,12,16,19,2,power_raw
2025-08-25,114000068,1,12,14,21,36,37,3,power_raw
2025-08-28,114000069,9,13,14,17,23,30,5,power_raw
2025-09-01,114000070,2,7,16,18,28,29,4,power_raw
2025-09-04,114000071,6,7,9,11,21,38,8,power_raw
2025-09-08,114000072,7,8,14,15,25,36,6,power_raw
2025-09-11,114000073,11,18,21,27,31,35,6,power_raw
2025-09-15,114000074,4,16,20,33,34,38,2,power_raw
2025-09-18,114000075,10,20,25,28,32,36,2,power_raw
2025-09-22,114000076,10,11,14,22,31,33,2,power_raw
2025-09-25,114000077,8,12,14,24,28,35,3,power_raw
2025-09-29,114000078,12,16,17,20,27,36,3,power_raw
2025-10-02,114000079,3,5,12,24,27,30,7,power_raw
2025-10-06,114000080,5,6,9,14,15,37,5,power_raw
2025-10-09,114000081,1,6,11,20,34,35,8,power_raw
2025-10-13,114000082,4,6,8,18,24,28,1,power_raw
2025-10-16,114000083,8,9,13,16,26,35,2,power_raw
2025-10-20,114000084,8,12,19,22,24,32,5,power_raw
2025-10-23,114000085,5,9,11,21,32,35,8,power_raw
2025-10-27,114000086,1,11,16,20,27,36,6,power_raw
2025-10-30,114000087,13,14,17,20,21,24,2,power_raw
2025-11-03,114000088,4,18,20,30,32,35,4,power_raw
2025-11-06,114000089,11,18,20,25,29,37,8,power_raw
2025-11-10,114000090,6,12,28,29,31,32,4,power_raw
2025-11-13,114000091,2,9,11,15,26,34,4,power_raw
2025-11-17,114000092,17,18,19,28,34,36,6,power_raw
2025-11-20,114000093,3,8,17,20,31,35,7,power_raw
2025-11-24,114000094,7,9,19,20,33,34,7,power_raw
2025-11-27,114000095,4,9,16,26,33,35,2,power_raw
2025-12-01,114000096,5,7,8,11,32,37,2,power_raw
2025-12-04,114000097,3,6,7,10,29,33,1,power_raw
2025-12-08,114000098,5,14,15,20,32,37,2,power_raw
2025-12-11,114000099,5,6,11,15,22,37,7,power_raw
2025-12-15,114000100,19,26,28,31,32,34,6,power_raw
2025-12-18,114000101,8,15,16,21,29,37,5,power_raw
2025-12-22,114000102,5,16,21,25,32,34,8,power_raw
2025-12-25,114000103,6,12,21,22,28,34,8,power_raw
2025-12-29,114000104,1,3,9,11,18,32,6,power_raw
2026-01-01,115000001,7,14,22,23,31,35,1,power_raw
2026-01-05,115000002,11,14,19,25,34,37,4,power_raw
2026-01-08,115000003,7,17,25,26,27,33,3,power_raw
2026-01-12,115000004,1,9,14,17,33,38,3,power_raw
2026-01-15,115000005,8,10,16,26,31,38,5,power_raw
2026-01-19,115000006,10,16,20,23,35,37,5,power_raw
2026-01-22,115000007,11,17,29,30,34,35,6,power_raw
2026-01-26,115000008,3,8,12,26,32,38,4,power_raw
2026-01-29,115000009,5,10,15,17,23,25,5,power_raw
2026-02-02,115000010,1,12,14,15,27,29,5,power_raw
2026-02-05,115000011,7,22,28,34,36,37,7,power_raw
2026-02-09,115000012,13,14,16,33,34,37,2,power_raw
2026-02-12,115000013,6,10,22,25,32,35,3,power_raw
2026-02-16,115000014,2,6,19,33,36,38,3,power_raw
2026-02-19,115000015,2,3,6,12,23,27,4,power_raw
2026-02-23,115000016,4,10,13,24,31,35,2,power_raw
2026-02-26,115000017,3,19,27,30,37,38,2,power_raw
2026-03-02,115000018,7,9,11,23,25,29,5,power_raw
2026-03-05,115000019,7,11,14,32,36,38,2,power_raw
2026-03-09,115000020,1,11,14,17,29,32,8,power_raw
2026-03-12,115000021,4,9,15,25,27,31,8,power_raw
2026-03-16,115000022,14,26,28,31,32,34,1,power_raw
